{"stats":{"minecraft:used":{"minecraft:oak_trapdoor":10,"minecraft:iron_shovel":270,"minecraft:chest":1,"minecraft:iron_sword":56,"minecraft:torch":15,"minecraft:brewing_stand":2,"minecraft:dirt":183,"minecraft:carrot":178,"minecraft:oak_fence_gate":3,"minecraft:iron_hoe":82,"minecraft:lantern":1,"minecraft:iron_axe":153,"minecraft:bamboo":1,"minecraft:glowstone":8,"minecraft:golden_carrot":1,"minecraft:furnace":1,"vtaw_mw:iron_glaive":23,"minecraft:water_bucket":22,"minecraft:oak_planks":159,"minecraft:composter":2,"minecraft:diamond_axe":5,"minecraft:crafting_table":2,"minecraft:blast_furnace":1,"minecraft:white_bed":3,"minecraft:oak_log":1,"minecraft:diamond_pickaxe":19,"minecraft:apple":4,"minecraft:bread":12,"minecraft:iron_pickaxe":131,"minecraft:cobblestone":62,"minecraft:bucket":23,"minecraft:yellow_bed":4,"minecraft:bone_meal":6},"minecraft:crafted":{"minecraft:golden_carrot":24,"minecraft:cookie":90,"minecraft:smooth_stone":3,"minecraft:oak_planks":204,"minecraft:redstone":24,"minecraft:chainmail_helmet":9,"minecraft:furnace":2,"minecraft:blast_furnace":1,"minecraft:stone":3,"minecraft:diamond_shovel":1,"minecraft:oak_trapdoor":10,"minecraft:diamond_helmet":1,"minecraft:diamond_leggings":1,"minecraft:iron_boots":11,"minecraft:iron_axe":1,"minecraft:iron_hoe":1,"minecraft:chest":1,"minecraft:diamond_boots":1,"minecraft:oak_slab":18,"minecraft:diamond_sword":1,"minecraft:emerald":183,"minecraft:diamond_axe":1,"minecraft:crafting_table":1,"minecraft:iron_helmet":1,"minecraft:iron_sword":1,"minecraft:bucket":1,"minecraft:glowstone":18,"minecraft:bread":66,"minecraft:air":0,"minecraft:apple":64,"minecraft:oak_fence_gate":1,"minecraft:iron_chestplate":1,"minecraft:diamond_pickaxe":1,"minecraft:stick":4,"minecraft:iron_pickaxe":1,"minecraft:iron_shovel":1,"minecraft:iron_leggings":1,"minecraft:pumpkin_pie":28,"minecraft:composter":2,"minecraft:torch":48,"minecraft:lapis_lazuli":12,"minecraft:diamond_chestplate":1},"minecraft:picked_up":{"minecraft:crafting_table":2,"minecraft:wheat":40,"minecraft:brewing_stand":2,"minecraft:cornflower":6,"minecraft:oak_trapdoor":4,"minecraft:beetroot":4,"minecraft:oak_boat":2,"minecraft:poppy":8,"minecraft:iron_pickaxe":1,"minecraft:stick":27,"minecraft:torch":2,"minecraft:diorite":24,"minecraft:carrot":183,"minecraft:cherry_fence_gate":1,"minecraft:arrow":2,"minecraft:beetroot_seeds":10,"vtaw_mw:iron_glaive":1,"minecraft:cobblestone":92,"minecraft:oxeye_daisy":1,"minecraft:feather":1,"minecraft:andesite":33,"minecraft:potato":56,"minecraft:oak_log":111,"minecraft:yellow_bed":4,"minecraft:dirt":677,"minecraft:lantern":1,"minecraft:apple":4,"minecraft:wheat_seeds":150,"minecraft:oak_fence_gate":2,"minecraft:iron_ingot":47,"minecraft:oak_planks":18,"minecraft:oak_slab":4,"minecraft:white_bed":5,"minecraft:lily_of_the_valley":1,"minecraft:granite":46,"minecraft:bone_meal":6,"alexsmobs:maggot":1,"minecraft:oak_sapling":90,"minecraft:coal":12},"minecraft:killed_by":{"minecraft:player":2,"minecraft:creeper":1,"minecraft:iron_golem":2},"minecraft:dropped":{"minecraft:iron_ingot":31,"minecraft:bread":36,"minecraft:iron_sword":1,"minecraft:oak_slab":8,"minecraft:wheat_seeds":150,"minecraft:feather":1,"minecraft:iron_helmet":1,"minecraft:cobblestone":7,"minecraft:granite":46,"minecraft:chainmail_helmet":9,"minecraft:cherry_fence_gate":1,"minecraft:stick":3,"minecraft:oxeye_daisy":1,"minecraft:dirt":433,"minecraft:diorite":24,"minecraft:cornflower":6,"minecraft:iron_leggings":1,"minecraft:iron_axe":1,"minecraft:iron_pickaxe":1,"minecraft:iron_shovel":1,"minecraft:bone":2,"alexsmobs:maggot":1,"minecraft:oak_trapdoor":2,"alexsmobs:animal_dictionary":1,"minecraft:wheat":2,"minecraft:beetroot":4,"minecraft:oak_planks":6,"minecraft:iron_boots":11,"minecraft:iron_hoe":1,"minecraft:carrot":12,"minecraft:lily_of_the_valley":1,"minecraft:diamond_sword":1,"minecraft:poppy":37,"minecraft:iron_chestplate":1,"minecraft:andesite":22,"minecraft:beetroot_seeds":10,"minecraft:oak_boat":2,"minecraft:oak_sapling":90,"minecraft:arrow":2},"minecraft:killed":{"minecraft:skeleton":2,"minecraft:iron_golem":3,"minecraft:zombie":1,"alexsmobs:roadrunner":1,"alexsmobs:fly":1,"minecraft:villager":6},"minecraft:custom":{"minecraft:mob_kills":14,"minecraft:animals_bred":1,"minecraft:inspect_hopper":1,"minecraft:interact_with_crafting_table":24,"minecraft:leave_game":1,"minecraft:time_since_death":13914,"minecraft:climb_one_cm":4783,"minecraft:sprint_one_cm":246868,"minecraft:walk_one_cm":362702,"minecraft:drop":107,"minecraft:talked_to_villager":82,"minecraft:play_time":145388,"minecraft:deaths":7,"minecraft:sneak_time":6194,"minecraft:walk_under_water_one_cm":2445,"minecraft:jump":1178,"minecraft:walk_on_water_one_cm":13685,"minecraft:total_world_time":145388,"minecraft:interact_with_furnace":4,"minecraft:traded_with_villager":297,"minecraft:interact_with_cartography_table":1,"minecraft:interact_with_grindstone":1,"minecraft:sleep_in_bed":6,"minecraft:time_since_rest":13943,"minecraft:damage_taken":2422,"minecraft:damage_dealt":5070,"minecraft:swim_one_cm":11674,"minecraft:fly_one_cm":241894,"minecraft:open_chest":32,"minecraft:crouch_one_cm":24691,"minecraft:fall_one_cm":39614},"minecraft:mined":{"minecraft:white_bed":5,"minecraft:brewing_stand":2,"minecraft:granite":23,"minecraft:grass_block":56,"minecraft:oak_trapdoor":3,"minecraft:carrots":105,"minecraft:fire":3,"minecraft:andesite":11,"minecraft:potatoes":14,"minecraft:stone":78,"minecraft:cherry_fence_gate":1,"minecraft:lily_of_the_valley":1,"minecraft:crafting_table":3,"minecraft:poppy":1,"minecraft:tall_grass":3,"minecraft:cobblestone":12,"minecraft:oak_planks":16,"minecraft:diorite":12,"minecraft:wheat":39,"minecraft:yellow_bed":3,"minecraft:grass":61,"minecraft:oak_log":113,"minecraft:coal_ore":12,"minecraft:beetroots":4,"minecraft:oak_fence_gate":2,"minecraft:dirt":61,"minecraft:oak_leaves":2}},"DataVersion":3465}