{"stats":{"minecraft:custom":{"minecraft:mob_kills":33,"minecraft:animals_bred":1,"minecraft:inspect_hopper":2,"minecraft:interact_with_crafting_table":54,"minecraft:leave_game":3,"minecraft:time_since_death":144371,"minecraft:climb_one_cm":6925,"minecraft:sprint_one_cm":442145,"minecraft:walk_one_cm":768791,"minecraft:drop":151,"minecraft:talked_to_villager":103,"minecraft:play_time":275845,"minecraft:deaths":7,"minecraft:sneak_time":12665,"minecraft:walk_under_water_one_cm":2539,"minecraft:boat_one_cm":637,"minecraft:jump":2284,"minecraft:walk_on_water_one_cm":14081,"minecraft:total_world_time":275845,"minecraft:interact_with_furnace":4,"minecraft:traded_with_villager":447,"minecraft:interact_with_cartography_table":1,"minecraft:interact_with_grindstone":1,"minecraft:sleep_in_bed":13,"minecraft:time_since_rest":37873,"minecraft:damage_taken":3103,"minecraft:damage_dealt":12938,"minecraft:swim_one_cm":11674,"minecraft:fly_one_cm":516612,"minecraft:open_chest":82,"minecraft:crouch_one_cm":52548,"minecraft:use_cauldron":4,"minecraft:fall_one_cm":69956},"minecraft:killed":{"minecraft:spider":4,"minecraft:skeleton":2,"minecraft:iron_golem":10,"minecraft:zombie":7,"alexsmobs:roadrunner":1,"alexsmobs:fly":1,"minecraft:villager":8},"minecraft:crafted":{"minecraft:golden_carrot":60,"minecraft:cookie":90,"minecraft:smooth_stone":3,"minecraft:oak_planks":656,"minecraft:chainmail_helmet":9,"minecraft:redstone":44,"minecraft:barrel":3,"minecraft:oak_sign":18,"minecraft:furnace":2,"minecraft:blast_furnace":1,"minecraft:stone":3,"minecraft:diamond_shovel":1,"minecraft:oak_trapdoor":12,"minecraft:bamboo_block":16,"minecraft:hopper":5,"minecraft:diamond_helmet":1,"minecraft:diamond_leggings":1,"minecraft:iron_boots":11,"minecraft:iron_axe":1,"minecraft:iron_hoe":2,"minecraft:chest":12,"minecraft:diamond_boots":1,"minecraft:oak_button":6,"minecraft:rail":16,"minecraft:minecart":2,"minecraft:oak_slab":96,"minecraft:diamond_sword":1,"minecraft:emerald":291,"minecraft:diamond_axe":1,"minecraft:crafting_table":2,"minecraft:iron_helmet":1,"minecraft:iron_sword":1,"minecraft:hopper_minecart":2,"minecraft:bucket":2,"minecraft:glowstone":26,"minecraft:bread":66,"minecraft:air":0,"minecraft:apple":64,"minecraft:oak_fence_gate":1,"minecraft:oak_boat":1,"minecraft:bamboo_planks":32,"minecraft:iron_chestplate":1,"minecraft:diamond_pickaxe":1,"minecraft:stick":4,"minecraft:iron_ingot":9,"minecraft:iron_pickaxe":1,"minecraft:oak_stairs":4,"minecraft:iron_block":30,"minecraft:iron_shovel":1,"minecraft:iron_leggings":1,"minecraft:white_bed":3,"minecraft:pumpkin_pie":28,"minecraft:composter":3,"minecraft:torch":48,"minecraft:shears":1,"minecraft:lapis_lazuli":24,"minecraft:diamond_chestplate":1},"minecraft:picked_up":{"minecraft:crafting_table":5,"minecraft:wheat":40,"minecraft:oak_stairs":1,"minecraft:brewing_stand":4,"minecraft:cornflower":7,"minecraft:string":4,"minecraft:oak_trapdoor":4,"minecraft:beetroot":4,"minecraft:oak_boat":2,"minecraft:poppy":17,"minecraft:iron_pickaxe":1,"minecraft:chest":2,"minecraft:stick":36,"minecraft:torch":5,"minecraft:diorite":24,"minecraft:carrot":297,"minecraft:cherry_fence_gate":1,"minecraft:arrow":2,"minecraft:rotten_flesh":5,"minecraft:beetroot_seeds":10,"vtaw_mw:iron_glaive":1,"minecraft:white_wool":10,"minecraft:rail":2,"minecraft:cobblestone":105,"minecraft:oxeye_daisy":5,"minecraft:feather":1,"minecraft:andesite":33,"minecraft:potato":56,"minecraft:oak_log":171,"minecraft:yellow_bed":6,"minecraft:dirt":1002,"minecraft:lantern":1,"minecraft:apple":8,"minecraft:wheat_seeds":217,"minecraft:bell":1,"minecraft:oak_fence_gate":2,"minecraft:iron_ingot":74,"minecraft:bamboo":228,"minecraft:oak_planks":40,"minecraft:oak_slab":5,"minecraft:dandelion":4,"minecraft:white_bed":5,"minecraft:lily_of_the_valley":1,"minecraft:granite":46,"minecraft:bone_meal":6,"alexsmobs:maggot":1,"minecraft:oak_sapling":101,"minecraft:coal":12},"minecraft:used":{"minecraft:oak_trapdoor":12,"minecraft:iron_shovel":270,"minecraft:oak_sign":9,"minecraft:chest":9,"minecraft:iron_sword":56,"minecraft:bell":1,"minecraft:torch":29,"minecraft:brewing_stand":4,"minecraft:dirt":568,"minecraft:hopper":3,"minecraft:carrot":292,"minecraft:oak_fence_gate":3,"minecraft:iron_hoe":368,"minecraft:lava_bucket":5,"minecraft:lantern":1,"minecraft:iron_axe":153,"minecraft:oak_stairs":5,"minecraft:hopper_minecart":2,"minecraft:barrel":3,"minecraft:bamboo":82,"minecraft:glowstone":20,"minecraft:golden_carrot":11,"minecraft:furnace":1,"vtaw_mw:iron_glaive":127,"minecraft:water_bucket":36,"minecraft:oak_planks":299,"minecraft:composter":3,"minecraft:diamond_axe":181,"minecraft:rail":4,"minecraft:oak_slab":58,"minecraft:crafting_table":7,"minecraft:blast_furnace":1,"minecraft:white_bed":8,"minecraft:oak_log":1,"minecraft:diamond_pickaxe":43,"minecraft:apple":4,"minecraft:diamond_shovel":783,"minecraft:bread":14,"minecraft:oak_button":6,"minecraft:iron_pickaxe":131,"minecraft:cobblestone":62,"minecraft:bucket":41,"minecraft:yellow_bed":6,"minecraft:oak_boat":1,"minecraft:bone_meal":6},"minecraft:killed_by":{"minecraft:player":2,"minecraft:creeper":1,"minecraft:iron_golem":2},"minecraft:mined":{"minecraft:white_bed":5,"minecraft:brewing_stand":4,"minecraft:granite":23,"minecraft:grass_block":256,"minecraft:oxeye_daisy":4,"minecraft:oak_trapdoor":4,"minecraft:carrots":186,"minecraft:fire":3,"minecraft:andesite":11,"minecraft:bell":1,"minecraft:potatoes":14,"minecraft:dirt_path":8,"minecraft:rail":4,"minecraft:oak_stairs":1,"minecraft:bamboo":17,"minecraft:stone":91,"minecraft:cherry_fence_gate":1,"minecraft:oak_slab":3,"minecraft:lily_of_the_valley":1,"minecraft:dandelion":4,"minecraft:crafting_table":6,"minecraft:cornflower":1,"minecraft:torch":1,"minecraft:poppy":3,"minecraft:chest":2,"minecraft:tall_grass":28,"minecraft:cobblestone":12,"minecraft:oak_planks":41,"minecraft:diorite":12,"minecraft:wall_torch":1,"minecraft:wheat":39,"minecraft:yellow_bed":5,"minecraft:grass":491,"minecraft:oak_log":176,"minecraft:coal_ore":12,"minecraft:beetroots":4,"minecraft:oak_fence_gate":2,"minecraft:dirt":182,"minecraft:oak_leaves":22},"minecraft:dropped":{"minecraft:iron_ingot":33,"minecraft:bread":36,"minecraft:iron_sword":1,"minecraft:oak_slab":17,"minecraft:wheat_seeds":212,"minecraft:feather":1,"minecraft:iron_helmet":1,"minecraft:cobblestone":7,"minecraft:apple":1,"minecraft:granite":46,"minecraft:chainmail_helmet":9,"minecraft:cherry_fence_gate":1,"minecraft:stick":3,"minecraft:oxeye_daisy":5,"minecraft:dirt":437,"minecraft:diorite":24,"minecraft:cornflower":7,"minecraft:iron_leggings":1,"minecraft:iron_axe":1,"minecraft:iron_pickaxe":1,"minecraft:iron_shovel":1,"minecraft:string":4,"minecraft:white_wool":1,"minecraft:dandelion":4,"minecraft:bone":3,"alexsmobs:maggot":1,"minecraft:oak_trapdoor":3,"alexsmobs:animal_dictionary":1,"minecraft:wheat":2,"minecraft:beetroot":4,"minecraft:rotten_flesh":12,"minecraft:iron_boots":11,"minecraft:oak_planks":6,"minecraft:iron_hoe":1,"minecraft:carrot":12,"minecraft:lily_of_the_valley":1,"minecraft:diamond_sword":1,"minecraft:poppy":841,"minecraft:iron_chestplate":1,"minecraft:andesite":22,"minecraft:beetroot_seeds":10,"minecraft:oak_sapling":101,"minecraft:oak_boat":2,"minecraft:arrow":4}},"DataVersion":3465}