{"stats":{"minecraft:custom":{"minecraft:interact_with_crafting_table":142,"minecraft:open_barrel":3,"minecraft:bell_ring":2,"minecraft:leave_game":21,"minecraft:time_since_death":5553,"minecraft:sprint_one_cm":2020636,"minecraft:drop":118,"minecraft:talked_to_villager":207,"minecraft:play_time":1200447,"minecraft:deaths":35,"minecraft:jump":8998,"minecraft:interact_with_brewingstand":2,"minecraft:walk_on_water_one_cm":20846,"minecraft:interact_with_furnace":16,"minecraft:traded_with_villager":449,"minecraft:interact_with_loom":1,"minecraft:sleep_in_bed":55,"minecraft:damage_dealt":21710,"minecraft:player_kills":2,"minecraft:crouch_one_cm":112654,"minecraft:interact_with_smoker":54,"minecraft:interact_with_smithing_table":1,"minecraft:mob_kills":134,"minecraft:interact_with_anvil":8,"minecraft:inspect_hopper":2,"minecraft:fill_cauldron":2,"minecraft:climb_one_cm":179581,"minecraft:walk_one_cm":2920410,"minecraft:sneak_time":52633,"minecraft:walk_under_water_one_cm":10432,"minecraft:interact_with_blast_furnace":4,"minecraft:total_world_time":1200447,"minecraft:pot_flower":28,"minecraft:interact_with_grindstone":2,"minecraft:interact_with_stonecutter":13,"minecraft:time_since_rest":5733,"minecraft:damage_taken":16698,"minecraft:swim_one_cm":14667,"minecraft:fly_one_cm":2502322,"minecraft:open_chest":493,"minecraft:fall_one_cm":305989},"minecraft:killed":{"minecraft:spider":4,"minecraft:skeleton":3,"minecraft:chicken":12,"minecraft:pig":35,"minecraft:iron_golem":5,"minecraft:creeper":3,"minecraft:sheep":25,"minecraft:pillager":6,"minecraft:zombie":18,"minecraft:donkey":1,"alexsmobs:fly":4,"minecraft:cow":7,"minecraft:horse":1,"minecraft:villager":6},"minecraft:crafted":{"minecraft:oak_planks":928,"minecraft:smooth_stone":3,"minecraft:oak_sign":15,"minecraft:cherry_pressure_plate":8,"minecraft:cherry_slab":276,"minecraft:chain":9,"minecraft:cooked_chicken":9,"minecraft:bookshelf":1,"minecraft:cooked_mutton":39,"minecraft:diamond_helmet":1,"minecraft:diamond_leggings":1,"minecraft:mangrove_fence":30,"minecraft:stone_brick_slab":2,"minecraft:iron_boots":1,"minecraft:mangrove_stairs":8,"minecraft:chest":15,"minecraft:jungle_stairs":24,"minecraft:cherry_fence":120,"vtaw_mw:diamond_katana":1,"vtaw_mw:wooden_rod":4,"minecraft:emerald":432,"minecraft:cooked_porkchop":67,"minecraft:cauldron":1,"minecraft:diamond_axe":1,"minecraft:crafting_table":5,"minecraft:wooden_pickaxe":1,"minecraft:iron_helmet":1,"minecraft:cherry_button":24,"minecraft:mangrove_trapdoor":30,"minecraft:copper_ingot":6,"vtaw_mw:iron_glaive":1,"minecraft:polished_deepslate_slab":84,"vtaw_mw:stone_katana":1,"minecraft:stone_brick_stairs":2,"minecraft:iron_chestplate":1,"minecraft:book":11,"minecraft:paper":78,"minecraft:diamond_pickaxe":1,"minecraft:stick":2433,"minecraft:iron_ingot":31,"minecraft:iron_pickaxe":2,"minecraft:deepslate_bricks":136,"minecraft:shears":1,"minecraft:cherry_planks":1520,"minecraft:stone_shovel":14,"minecraft:smooth_stone_slab":6,"minecraft:iron_nugget":18,"minecraft:crimson_trapdoor":8,"minecraft:crimson_fence_gate":6,"minecraft:furnace":1,"minecraft:stone_button":4,"minecraft:bone_meal":6,"minecraft:white_carpet":54,"minecraft:flint_and_steel":1,"minecraft:cherry_trapdoor":140,"minecraft:polished_deepslate":332,"minecraft:iron_axe":3,"minecraft:ladder":27,"minecraft:cherry_stairs":104,"minecraft:stone_pickaxe":11,"minecraft:diamond_boots":1,"minecraft:deepslate_tile_wall":1,"minecraft:cherry_fence_gate":56,"minecraft:cooked_beef":12,"minecraft:red_dye":91,"minecraft:deepslate_brick_slab":60,"minecraft:mangrove_planks":148,"minecraft:bucket":1,"minecraft:red_carpet":54,"minecraft:stone_axe":9,"minecraft:enchanted_book":10,"minecraft:jungle_slab":6,"minecraft:air":0,"minecraft:jungle_planks":224,"minecraft:oak_fence_gate":3,"vtaw_mw:iron_katana":1,"minecraft:wooden_axe":1,"minecraft:iron_shovel":5,"minecraft:cherry_door":9,"minecraft:iron_leggings":1,"minecraft:stonecutter":1,"minecraft:armor_stand":6,"minecraft:torch":164,"minecraft:mangrove_slab":12,"minecraft:diamond_chestplate":1},"minecraft:picked_up":{"minecraft:wooden_axe":1,"minecraft:yellow_wool":4,"minecraft:smithing_table":1,"minecraft:crimson_planks":2,"minecraft:polished_deepslate":3,"minecraft:raw_copper":28,"minecraft:smooth_stone":4,"alexsmobs:banana":1,"minecraft:cobbled_deepslate":332,"minecraft:rose_bush":22,"minecraft:calcite":6,"minecraft:deepslate_tile_wall":1,"minecraft:smooth_quartz_stairs":1,"minecraft:stick":462,"minecraft:deepslate_brick_wall":10,"minecraft:polished_deepslate_stairs":12,"minecraft:oak_fence":1,"minecraft:torch":65,"minecraft:acacia_log":34,"minecraft:porkchop":73,"minecraft:cherry_log":995,"minecraft:diorite":22,"minecraft:rotten_flesh":18,"minecraft:mangrove_stairs":6,"minecraft:polished_basalt":1,"minecraft:cobblestone":1178,"minecraft:birch_log":38,"minecraft:pink_petals":3,"minecraft:feather":3,"minecraft:cherry_planks":8,"minecraft:cherry_leaves":28,"minecraft:andesite":28,"minecraft:jungle_log":57,"minecraft:smoker":1,"minecraft:potato":2,"minecraft:flint":2,"minecraft:tuff":82,"minecraft:cherry_fence":6,"minecraft:lantern":5,"minecraft:cherry_door":3,"minecraft:dirt":3002,"minecraft:mangrove_fence":1,"minecraft:bone":8,"minecraft:wheat_seeds":81,"minecraft:deepslate_brick_slab":13,"minecraft:bamboo":43,"minecraft:oak_planks":171,"minecraft:loom":1,"minecraft:stripped_acacia_log":33,"minecraft:diamond":25,"minecraft:cherry_hanging_sign":4,"minecraft:granite":7,"minecraft:bread":41,"alexsmobs:maggot":2,"minecraft:oak_sapling":130,"minecraft:cherry_slab":11,"minecraft:cocoa_beans":10,"minecraft:crafting_table":28,"minecraft:azure_bluet":2,"minecraft:chicken":11,"minecraft:ladder":1,"minecraft:wooden_pickaxe":1,"minecraft:stripped_cherry_log":24,"minecraft:stripped_mangrove_log":2,"minecraft:cornflower":12,"minecraft:moss_carpet":2,"minecraft:iron_axe":1,"minecraft:beef":12,"minecraft:jungle_sapling":7,"minecraft:poppy":97,"minecraft:lectern":52,"minecraft:quartz_stairs":9,"minecraft:sugar_cane":80,"minecraft:chest":2,"minecraft:birch_sapling":7,"minecraft:cherry_button":11,"minecraft:cherry_trapdoor":62,"minecraft:egg":1,"minecraft:raw_iron":35,"minecraft:polished_deepslate_slab":22,"minecraft:cherry_stairs":30,"minecraft:redstone":5,"vtaw_mw:iron_katana":1,"minecraft:mangrove_trapdoor":1,"minecraft:jungle_sign":1,"minecraft:cherry_fence_gate":2,"minecraft:arrow":8,"minecraft:jungle_stairs":13,"minecraft:deepslate_bricks":4,"minecraft:mutton":39,"minecraft:crimson_slab":5,"minecraft:white_wool":40,"minecraft:oxeye_daisy":10,"minecraft:basalt":1,"minecraft:leather":3,"minecraft:oak_log":295,"minecraft:yellow_bed":2,"minecraft:gunpowder":2,"minecraft:apple":17,"minecraft:iron_ingot":22,"minecraft:acacia_sapling":9,"minecraft:scaffolding":301,"minecraft:smooth_basalt":1,"minecraft:black_candle":1,"minecraft:pumpkin":8,"minecraft:red_wool":5,"minecraft:dandelion":21,"minecraft:gravel":19,"minecraft:crimson_stairs":4,"minecraft:white_bed":3,"minecraft:cherry_sapling":607,"minecraft:gray_wool":1,"minecraft:coal":127,"minecraft:hopper":1,"minecraft:ender_pearl":1},"minecraft:used":{"vtaw_mw:iron_katana":597,"minecraft:cherry_sapling":64,"vtaw_mw:stone_katana":49,"minecraft:iron_shovel":1545,"minecraft:polished_deepslate":39,"minecraft:ladder":28,"minecraft:oak_sign":5,"minecraft:polished_basalt":1,"minecraft:chest":30,"minecraft:decorated_pot":2,"minecraft:nether_wart":3,"minecraft:quartz_stairs":25,"minecraft:iron_chestplate":1,"minecraft:soul_sand":5,"minecraft:pink_candle":14,"minecraft:jungle_planks":2,"minecraft:jungle_slab":6,"minecraft:orange_wool":61,"minecraft:deepslate_brick_slab":1739,"minecraft:polished_deepslate_stairs":47,"minecraft:glass":1,"minecraft:lava_bucket":1,"minecraft:mangrove_stairs":34,"minecraft:red_wool":44,"minecraft:grass_block":604,"minecraft:lantern":122,"minecraft:iron_helmet":1,"minecraft:cherry_leaves":27,"minecraft:cherry_button":27,"minecraft:stone_brick_stairs":53,"minecraft:stone_bricks":12,"minecraft:stripped_mangrove_log":29,"minecraft:red_carpet":63,"minecraft:scaffolding":324,"minecraft:mangrove_slab":12,"minecraft:furnace":1,"minecraft:egg":1,"minecraft:deepslate_brick_wall":213,"minecraft:stripped_acacia_log":1,"minecraft:stone_pickaxe":789,"minecraft:wooden_pickaxe":3,"minecraft:diamond_axe":2,"minecraft:smooth_quartz_stairs":1,"minecraft:white_wool":59,"minecraft:loom":1,"minecraft:blast_furnace":1,"minecraft:stone_brick_wall":34,"minecraft:shears":28,"minecraft:deepslate_brick_stairs":2,"minecraft:crimson_fence_gate":4,"minecraft:cherry_hanging_sign":64,"minecraft:bread":8,"minecraft:stone_button":4,"minecraft:lectern":57,"minecraft:jungle_sign":2,"minecraft:grindstone":1,"minecraft:smithing_table":2,"minecraft:chain":32,"minecraft:stripped_cherry_log":120,"minecraft:bone_meal":8,"minecraft:acacia_log":34,"minecraft:flint_and_steel":32,"minecraft:armor_stand":8,"minecraft:stone_shovel":1829,"minecraft:cooked_chicken":1,"minecraft:mangrove_fence":8,"minecraft:torch":199,"minecraft:brewing_stand":1,"minecraft:dirt":910,"minecraft:anvil":1,"minecraft:hopper":2,"minecraft:cherry_pressure_plate":8,"minecraft:jungle_trapdoor":2,"minecraft:oak_fence_gate":3,"minecraft:wooden_axe":49,"minecraft:stone_brick_slab":12,"minecraft:bookshelf":13,"minecraft:iron_axe":990,"minecraft:cherry_slab":368,"minecraft:crimson_slab":137,"minecraft:cherry_trapdoor":354,"minecraft:red_candle":69,"minecraft:iron_boots":1,"minecraft:cherry_fence_gate":96,"minecraft:crimson_planks":110,"minecraft:barrel":12,"minecraft:smooth_basalt":1,"minecraft:bamboo":1,"minecraft:basalt":1,"alexsmobs:banana":1,"minecraft:cooked_beef":11,"minecraft:cobbled_deepslate":35,"minecraft:cherry_fence":216,"minecraft:cherry_log":655,"vtaw_mw:iron_glaive":2,"minecraft:iron_leggings":1,"minecraft:calcite":353,"minecraft:cooked_mutton":17,"minecraft:water_bucket":2,"minecraft:chiseled_bookshelf":20,"minecraft:cherry_planks":20,"minecraft:cauldron":2,"vtaw_mw:diamond_katana":48,"minecraft:fletching_table":1,"minecraft:stonecutter":3,"minecraft:deepslate_bricks":445,"minecraft:glow_item_frame":24,"minecraft:polished_deepslate_slab":353,"minecraft:mangrove_trapdoor":39,"minecraft:crafting_table":32,"minecraft:crimson_trapdoor":8,"minecraft:white_bed":4,"minecraft:smoker":1,"minecraft:deepslate_tile_wall":1,"minecraft:diamond_pickaxe":874,"minecraft:flower_pot":32,"minecraft:black_wool":16,"minecraft:apple":13,"minecraft:cherry_door":12,"minecraft:iron_pickaxe":296,"minecraft:jungle_stairs":59,"minecraft:yellow_wool":47,"minecraft:stone_axe":1099,"minecraft:pink_petals":8,"minecraft:cobblestone":74,"minecraft:cherry_stairs":294,"minecraft:crimson_stairs":194,"minecraft:cooked_porkchop":67,"minecraft:bucket":1,"minecraft:black_candle":14,"minecraft:yellow_bed":2,"alexsmobs:animal_dictionary":1,"minecraft:gray_wool":18,"minecraft:jukebox":2,"minecraft:smooth_stone":480},"minecraft:broken":{"minecraft:iron_shovel":6,"minecraft:stone_pickaxe":5,"minecraft:stone_axe":3,"minecraft:stone_shovel":12,"minecraft:iron_axe":3,"minecraft:iron_pickaxe":1},"minecraft:killed_by":{"minecraft:creeper":1,"minecraft:zombie":3,"minecraft:spider":1,"minecraft:iron_golem":11,"minecraft:skeleton":1},"minecraft:dropped":{"minecraft:oak_log":1,"minecraft:deepslate_tile_wall":1,"minecraft:leather":3,"minecraft:cherry_hanging_sign":2,"minecraft:dirt":359,"minecraft:cherry_trapdoor":3,"minecraft:cornflower":10,"minecraft:cherry_button":8,"minecraft:bone_meal":6,"minecraft:bone":6,"minecraft:gravel":11,"minecraft:stone_axe":4,"minecraft:cobbled_deepslate":1,"minecraft:cherry_sapling":71,"minecraft:oak_planks":13,"minecraft:rotten_flesh":53,"minecraft:poppy":4,"minecraft:ladder":5,"vtaw_mw:iron_katana":2,"minecraft:wheat_seeds":61,"minecraft:cobblestone":14,"minecraft:oak_fence":1,"minecraft:feather":1,"minecraft:granite":2,"minecraft:copper_ingot":12,"minecraft:grass_block":1,"minecraft:stick":2,"minecraft:oxeye_daisy":9,"minecraft:gray_wool":1,"minecraft:torch":1,"minecraft:wooden_axe":1,"minecraft:iron_axe":1,"minecraft:pink_petals":4,"minecraft:redstone":10,"minecraft:dandelion":10,"minecraft:polished_deepslate":1,"minecraft:moss_carpet":2,"alexsmobs:maggot":2,"minecraft:deepslate_bricks":1,"minecraft:potato":1,"minecraft:andesite":1,"minecraft:oak_sapling":22,"minecraft:bamboo":10,"vtaw_mw:iron_glaive":1,"minecraft:wooden_pickaxe":1},"minecraft:mined":{"minecraft:white_bed":3,"minecraft:cherry_log":1008,"minecraft:cherry_trapdoor":62,"minecraft:granite":7,"minecraft:acacia_log":39,"minecraft:deepslate_tile_wall":1,"minecraft:grass_block":1411,"minecraft:mangrove_fence":1,"minecraft:jungle_log":57,"minecraft:deepslate_bricks":4,"minecraft:hopper":1,"minecraft:oxeye_daisy":9,"minecraft:smooth_stone":4,"minecraft:iron_ore":22,"minecraft:cobbled_deepslate":2,"minecraft:fire":16,"minecraft:pumpkin":8,"minecraft:oak_sign":1,"minecraft:polished_deepslate_slab":16,"minecraft:dirt_path":55,"minecraft:cherry_hanging_sign":1,"minecraft:black_candle":1,"minecraft:azalea_leaves":1,"minecraft:deepslate_redstone_ore":1,"minecraft:polished_deepslate_stairs":12,"minecraft:deepslate_brick_wall":10,"minecraft:smoker":1,"minecraft:torch":39,"minecraft:jungle_stairs":13,"minecraft:calcite":7,"minecraft:poppy":85,"minecraft:chest":2,"minecraft:dead_bush":1,"minecraft:cobblestone":13,"minecraft:sugar_cane":41,"minecraft:oak_planks":3,"minecraft:crimson_stairs":4,"minecraft:wall_torch":16,"minecraft:cherry_slab":9,"minecraft:pink_petals":1,"minecraft:cherry_fence":6,"minecraft:yellow_wool":4,"minecraft:birch_log":38,"minecraft:cherry_door":3,"minecraft:grass":454,"minecraft:oak_log":299,"minecraft:cherry_button":11,"minecraft:loom":1,"minecraft:dirt":1595,"minecraft:crimson_planks":2,"minecraft:smooth_basalt":1,"minecraft:oak_leaves":25,"minecraft:deepslate":339,"minecraft:tuff":99,"minecraft:quartz_stairs":9,"minecraft:deepslate_diamond_ore":11,"minecraft:stripped_mangrove_log":2,"minecraft:cherry_sapling":6,"minecraft:stripped_cherry_log":24,"minecraft:ladder":1,"minecraft:mangrove_trapdoor":1,"minecraft:deepslate_brick_slab":9,"minecraft:oak_trapdoor":1,"minecraft:polished_basalt":1,"minecraft:andesite":34,"minecraft:polished_deepslate":3,"minecraft:deepslate_iron_ore":4,"minecraft:vine":8,"minecraft:lantern":3,"minecraft:stripped_acacia_log":33,"minecraft:smooth_quartz_stairs":1,"minecraft:bamboo":3,"minecraft:stone":1200,"minecraft:cherry_fence_gate":2,"minecraft:cherry_stairs":30,"minecraft:smithing_table":1,"minecraft:scaffolding":141,"minecraft:mangrove_stairs":8,"minecraft:cherry_planks":8,"minecraft:red_wool":5,"minecraft:basalt":1,"minecraft:dandelion":8,"minecraft:crafting_table":26,"minecraft:cornflower":7,"minecraft:crimson_slab":5,"minecraft:rose_bush":25,"minecraft:lectern":52,"minecraft:tall_grass":51,"minecraft:copper_ore":7,"minecraft:diorite":22,"minecraft:cherry_wall_hanging_sign":2,"minecraft:birch_leaves":1,"minecraft:yellow_bed":3,"minecraft:coal_ore":92,"minecraft:cocoa":1,"minecraft:cherry_leaves":30,"minecraft:gravel":22,"minecraft:fern":4}},"DataVersion":3465}