{"stats":{"minecraft:killed_by":{"minecraft:creeper":2,"minecraft:zombie":3,"minecraft:spider":1,"minecraft:iron_golem":12,"minecraft:skeleton":1},"minecraft:dropped":{"minecraft:oak_log":1,"minecraft:deepslate_tile_wall":1,"minecraft:leather":3,"minecraft:cherry_hanging_sign":2,"minecraft:dirt":533,"minecraft:cherry_trapdoor":3,"minecraft:cornflower":10,"minecraft:cherry_button":8,"minecraft:bone_meal":6,"minecraft:bone":6,"minecraft:gravel":89,"minecraft:stone_axe":4,"minecraft:cobbled_deepslate":1,"minecraft:cherry_sapling":71,"minecraft:rotten_flesh":53,"minecraft:oak_planks":13,"minecraft:poppy":4,"minecraft:ladder":5,"vtaw_mw:iron_katana":2,"minecraft:iron_ingot":1,"minecraft:wheat_seeds":61,"minecraft:cobblestone":143,"minecraft:oak_fence":1,"minecraft:feather":1,"minecraft:granite":6,"minecraft:copper_ingot":12,"minecraft:grass_block":1,"minecraft:stick":2,"minecraft:oxeye_daisy":9,"minecraft:gray_wool":1,"minecraft:torch":1,"minecraft:wooden_axe":1,"minecraft:iron_axe":1,"minecraft:pink_petals":4,"minecraft:dandelion":10,"minecraft:redstone":10,"minecraft:polished_deepslate":1,"minecraft:moss_carpet":2,"alexsmobs:maggot":2,"minecraft:raw_copper":19,"minecraft:deepslate_bricks":1,"minecraft:potato":1,"minecraft:diamond_pickaxe":1,"minecraft:andesite":1,"minecraft:oak_sapling":22,"minecraft:bamboo":10,"vtaw_mw:iron_glaive":1,"minecraft:wooden_pickaxe":1},"minecraft:mined":{"minecraft:white_bed":3,"minecraft:cherry_log":1060,"minecraft:cherry_trapdoor":62,"minecraft:granite":11,"minecraft:acacia_log":39,"minecraft:deepslate_tile_wall":1,"minecraft:grass_block":1412,"minecraft:mangrove_fence":1,"minecraft:jungle_log":57,"minecraft:deepslate_bricks":4,"minecraft:hopper":1,"minecraft:oxeye_daisy":9,"minecraft:smooth_stone":4,"minecraft:iron_ore":23,"minecraft:cobbled_deepslate":2,"minecraft:fire":16,"minecraft:pumpkin":8,"minecraft:polished_deepslate_slab":16,"minecraft:oak_sign":1,"minecraft:dirt_path":55,"minecraft:cherry_hanging_sign":1,"minecraft:black_candle":1,"minecraft:azalea_leaves":1,"minecraft:deepslate_redstone_ore":29,"minecraft:polished_deepslate_stairs":12,"minecraft:deepslate_brick_wall":10,"minecraft:smoker":1,"minecraft:torch":42,"minecraft:jungle_stairs":13,"minecraft:calcite":7,"minecraft:poppy":85,"minecraft:chest":2,"minecraft:dead_bush":1,"minecraft:cobblestone":13,"minecraft:sugar_cane":41,"minecraft:oak_planks":3,"minecraft:crimson_stairs":4,"minecraft:wall_torch":19,"minecraft:cherry_slab":9,"minecraft:pink_petals":1,"minecraft:cherry_fence":6,"minecraft:yellow_wool":27,"minecraft:birch_log":38,"minecraft:cherry_door":3,"minecraft:grass":455,"minecraft:oak_log":299,"minecraft:cherry_button":11,"minecraft:loom":1,"minecraft:dirt":2046,"minecraft:crimson_planks":2,"minecraft:smooth_basalt":1,"minecraft:oak_leaves":25,"minecraft:deepslate":673,"minecraft:tuff":100,"minecraft:quartz_stairs":9,"minecraft:stripped_mangrove_log":2,"minecraft:deepslate_diamond_ore":14,"minecraft:cherry_sapling":10,"minecraft:stripped_cherry_log":32,"minecraft:ladder":1,"minecraft:mangrove_trapdoor":1,"minecraft:deepslate_brick_slab":9,"minecraft:oak_trapdoor":1,"minecraft:polished_basalt":1,"minecraft:andesite":34,"minecraft:polished_deepslate":3,"minecraft:deepslate_iron_ore":4,"minecraft:vine":8,"minecraft:lantern":3,"minecraft:stripped_acacia_log":33,"minecraft:smooth_quartz_stairs":1,"minecraft:bamboo":3,"minecraft:stone":1507,"minecraft:cherry_fence_gate":2,"minecraft:cherry_stairs":30,"minecraft:smithing_table":1,"minecraft:scaffolding":146,"minecraft:mangrove_stairs":8,"minecraft:cherry_planks":10,"minecraft:red_wool":24,"minecraft:basalt":1,"minecraft:dandelion":8,"minecraft:crafting_table":27,"minecraft:cornflower":7,"minecraft:crimson_slab":5,"minecraft:rose_bush":25,"minecraft:lectern":52,"minecraft:tall_grass":51,"minecraft:copper_ore":11,"minecraft:diorite":22,"minecraft:cherry_wall_hanging_sign":2,"minecraft:birch_leaves":1,"minecraft:yellow_bed":3,"minecraft:coal_ore":97,"minecraft:cocoa":1,"minecraft:cherry_leaves":30,"minecraft:gravel":165,"minecraft:fern":4},"minecraft:custom":{"minecraft:interact_with_crafting_table":144,"minecraft:open_barrel":4,"minecraft:bell_ring":2,"minecraft:leave_game":22,"minecraft:time_since_death":3018,"minecraft:sprint_one_cm":2190279,"minecraft:drop":130,"minecraft:talked_to_villager":224,"minecraft:play_time":1272991,"minecraft:deaths":38,"minecraft:jump":9695,"minecraft:interact_with_brewingstand":2,"minecraft:walk_on_water_one_cm":20846,"minecraft:interact_with_furnace":26,"minecraft:traded_with_villager":461,"minecraft:interact_with_loom":1,"minecraft:sleep_in_bed":56,"minecraft:damage_dealt":25460,"minecraft:player_kills":2,"minecraft:crouch_one_cm":115033,"minecraft:interact_with_smoker":57,"minecraft:interact_with_smithing_table":1,"minecraft:interact_with_anvil":8,"minecraft:mob_kills":148,"minecraft:inspect_hopper":2,"minecraft:fill_cauldron":2,"minecraft:climb_one_cm":189702,"minecraft:walk_one_cm":3161504,"minecraft:sneak_time":53883,"minecraft:walk_under_water_one_cm":10432,"minecraft:interact_with_blast_furnace":7,"minecraft:total_world_time":1272991,"minecraft:pot_flower":28,"minecraft:interact_with_grindstone":2,"minecraft:interact_with_stonecutter":16,"minecraft:time_since_rest":3048,"minecraft:damage_taken":18098,"minecraft:swim_one_cm":14667,"minecraft:fly_one_cm":2604484,"minecraft:open_chest":523,"minecraft:fall_one_cm":326305},"minecraft:broken":{"minecraft:iron_shovel":6,"minecraft:stone_pickaxe":5,"minecraft:stone_axe":3,"minecraft:stone_shovel":12,"minecraft:iron_axe":3,"minecraft:iron_pickaxe":2},"minecraft:crafted":{"minecraft:oak_planks":928,"minecraft:smooth_stone":16,"minecraft:oak_sign":15,"minecraft:cherry_pressure_plate":8,"minecraft:cherry_slab":276,"minecraft:cooked_chicken":9,"minecraft:chain":9,"minecraft:stone":30,"minecraft:diamond_shovel":1,"minecraft:bookshelf":1,"minecraft:cooked_mutton":39,"minecraft:bow":1,"minecraft:mangrove_fence":30,"minecraft:stone_brick_slab":2,"minecraft:diamond_helmet":1,"minecraft:diamond_leggings":1,"minecraft:iron_boots":1,"minecraft:mangrove_stairs":8,"minecraft:chest":15,"minecraft:jungle_stairs":24,"minecraft:cherry_fence":120,"vtaw_mw:wooden_rod":4,"vtaw_mw:diamond_katana":1,"minecraft:emerald":442,"minecraft:cauldron":1,"minecraft:cooked_porkchop":73,"minecraft:diamond_axe":1,"minecraft:crafting_table":6,"minecraft:wooden_pickaxe":1,"minecraft:iron_helmet":1,"minecraft:cherry_button":24,"minecraft:mangrove_trapdoor":30,"minecraft:copper_ingot":6,"vtaw_mw:iron_glaive":1,"minecraft:polished_deepslate_slab":84,"vtaw_mw:stone_katana":1,"minecraft:stone_brick_stairs":2,"minecraft:iron_chestplate":1,"minecraft:book":11,"minecraft:paper":78,"minecraft:diamond_pickaxe":1,"minecraft:stick":2485,"minecraft:iron_ingot":31,"minecraft:iron_pickaxe":2,"minecraft:deepslate_bricks":136,"minecraft:shears":1,"minecraft:cherry_planks":1796,"minecraft:stone_shovel":14,"minecraft:smooth_stone_slab":6,"minecraft:iron_nugget":18,"minecraft:crimson_trapdoor":8,"minecraft:crimson_fence_gate":6,"minecraft:furnace":1,"minecraft:stone_button":4,"minecraft:bone_meal":6,"minecraft:white_carpet":54,"minecraft:flint_and_steel":1,"minecraft:cherry_trapdoor":140,"minecraft:polished_deepslate":332,"minecraft:iron_axe":3,"minecraft:ladder":51,"minecraft:cherry_stairs":104,"minecraft:stone_pickaxe":11,"minecraft:diamond_boots":1,"minecraft:deepslate_tile_wall":1,"minecraft:cherry_fence_gate":56,"minecraft:cooked_beef":12,"minecraft:red_dye":91,"minecraft:deepslate_brick_slab":60,"minecraft:mangrove_planks":148,"minecraft:bucket":1,"minecraft:red_carpet":54,"minecraft:stone_axe":9,"minecraft:enchanted_book":10,"minecraft:jungle_slab":6,"minecraft:air":0,"minecraft:jungle_planks":224,"minecraft:oak_fence_gate":3,"vtaw_mw:iron_katana":1,"minecraft:wooden_axe":1,"minecraft:iron_shovel":5,"minecraft:cherry_door":9,"minecraft:iron_leggings":1,"minecraft:stonecutter":1,"minecraft:armor_stand":6,"minecraft:torch":164,"minecraft:mangrove_slab":12,"minecraft:diamond_chestplate":1},"minecraft:used":{"vtaw_mw:iron_katana":597,"minecraft:cherry_sapling":80,"vtaw_mw:stone_katana":49,"minecraft:iron_shovel":1545,"minecraft:polished_deepslate":39,"minecraft:ladder":33,"minecraft:oak_sign":5,"minecraft:polished_basalt":1,"minecraft:chest":30,"minecraft:decorated_pot":2,"minecraft:nether_wart":3,"minecraft:quartz_stairs":25,"minecraft:iron_chestplate":1,"minecraft:soul_sand":5,"minecraft:pink_candle":14,"minecraft:jungle_planks":2,"minecraft:jungle_slab":6,"minecraft:orange_wool":61,"minecraft:deepslate_brick_slab":1739,"minecraft:polished_deepslate_stairs":47,"minecraft:glass":1,"minecraft:mangrove_stairs":34,"minecraft:lava_bucket":1,"minecraft:grass_block":604,"minecraft:red_wool":44,"minecraft:lantern":122,"minecraft:iron_helmet":1,"minecraft:cherry_leaves":27,"minecraft:cherry_button":27,"minecraft:stone_brick_stairs":53,"minecraft:stone_bricks":144,"minecraft:red_carpet":63,"minecraft:stripped_mangrove_log":29,"minecraft:scaffolding":328,"minecraft:mangrove_slab":12,"minecraft:furnace":1,"minecraft:egg":1,"minecraft:deepslate_brick_wall":213,"minecraft:stone_pickaxe":789,"minecraft:stripped_acacia_log":1,"minecraft:wooden_pickaxe":3,"minecraft:diamond_axe":67,"minecraft:smooth_quartz_stairs":1,"minecraft:white_wool":59,"minecraft:loom":1,"minecraft:blast_furnace":1,"minecraft:stone_brick_wall":34,"minecraft:shears":64,"minecraft:deepslate_brick_stairs":2,"minecraft:crimson_fence_gate":4,"minecraft:cherry_hanging_sign":64,"minecraft:bread":8,"minecraft:stone_button":4,"minecraft:lectern":57,"minecraft:jungle_sign":2,"minecraft:grindstone":1,"minecraft:smithing_table":2,"minecraft:chain":32,"minecraft:stripped_cherry_log":120,"minecraft:bone_meal":8,"minecraft:acacia_log":34,"minecraft:flint_and_steel":32,"minecraft:armor_stand":8,"minecraft:stone_shovel":1829,"minecraft:cooked_chicken":1,"minecraft:mangrove_fence":8,"minecraft:torch":229,"minecraft:brewing_stand":1,"minecraft:dirt":918,"minecraft:anvil":1,"minecraft:hopper":2,"minecraft:cherry_pressure_plate":8,"minecraft:jungle_trapdoor":2,"minecraft:oak_fence_gate":3,"minecraft:wooden_axe":49,"minecraft:stone_brick_slab":12,"minecraft:bookshelf":13,"minecraft:iron_axe":990,"minecraft:cherry_slab":368,"minecraft:crimson_slab":137,"minecraft:cherry_trapdoor":354,"minecraft:red_candle":69,"minecraft:iron_boots":1,"minecraft:cherry_fence_gate":96,"minecraft:crimson_planks":110,"minecraft:barrel":12,"minecraft:smooth_basalt":1,"minecraft:bamboo":1,"minecraft:basalt":1,"alexsmobs:banana":1,"minecraft:cooked_beef":12,"vtaw_mw:iron_glaive":2,"minecraft:cobbled_deepslate":47,"minecraft:cherry_fence":216,"minecraft:cherry_log":659,"minecraft:iron_leggings":1,"minecraft:calcite":353,"minecraft:cooked_mutton":26,"minecraft:water_bucket":5,"minecraft:chiseled_bookshelf":20,"minecraft:cherry_planks":244,"minecraft:cauldron":2,"vtaw_mw:diamond_katana":93,"minecraft:fletching_table":1,"minecraft:stonecutter":3,"minecraft:deepslate_bricks":445,"minecraft:glow_item_frame":24,"minecraft:polished_deepslate_slab":353,"minecraft:mangrove_trapdoor":39,"minecraft:crafting_table":33,"minecraft:crimson_trapdoor":8,"minecraft:white_bed":4,"minecraft:smoker":1,"minecraft:deepslate_tile_wall":1,"minecraft:flower_pot":32,"minecraft:black_wool":16,"minecraft:diamond_pickaxe":1350,"minecraft:apple":13,"minecraft:diamond_shovel":595,"minecraft:cherry_door":12,"minecraft:iron_pickaxe":508,"minecraft:jungle_stairs":59,"minecraft:yellow_wool":47,"minecraft:stone_axe":1099,"minecraft:pink_petals":8,"minecraft:cobblestone":74,"minecraft:cherry_stairs":294,"minecraft:crimson_stairs":194,"minecraft:cooked_porkchop":67,"minecraft:bucket":4,"minecraft:black_candle":14,"minecraft:yellow_bed":2,"alexsmobs:animal_dictionary":1,"minecraft:gray_wool":18,"minecraft:jukebox":2,"minecraft:smooth_stone":494},"minecraft:killed":{"minecraft:spider":5,"minecraft:skeleton":8,"minecraft:chicken":12,"minecraft:pig":35,"minecraft:iron_golem":7,"minecraft:creeper":4,"minecraft:sheep":25,"minecraft:pillager":6,"minecraft:zombie":22,"minecraft:donkey":1,"alexsmobs:fly":4,"minecraft:cow":7,"minecraft:horse":1,"alexsmobs:cockroach":1,"minecraft:villager":6},"minecraft:picked_up":{"minecraft:wooden_axe":1,"minecraft:yellow_wool":27,"minecraft:smithing_table":1,"minecraft:crimson_planks":2,"minecraft:string":2,"minecraft:polished_deepslate":3,"minecraft:raw_copper":47,"alexsmobs:banana":1,"minecraft:cobbled_deepslate":655,"minecraft:smooth_stone":4,"minecraft:rose_bush":22,"minecraft:calcite":6,"minecraft:deepslate_tile_wall":1,"minecraft:smooth_quartz_stairs":1,"minecraft:stick":484,"minecraft:deepslate_brick_wall":10,"minecraft:polished_deepslate_stairs":12,"minecraft:oak_fence":1,"minecraft:torch":80,"minecraft:acacia_log":34,"minecraft:porkchop":73,"minecraft:cherry_log":1047,"minecraft:diorite":22,"minecraft:rotten_flesh":21,"minecraft:mangrove_stairs":6,"minecraft:polished_basalt":1,"minecraft:cobblestone":1484,"minecraft:birch_log":38,"minecraft:pink_petals":3,"minecraft:feather":3,"minecraft:cherry_planks":10,"minecraft:cherry_leaves":28,"minecraft:andesite":28,"minecraft:jungle_log":57,"minecraft:smoker":1,"minecraft:potato":2,"minecraft:flint":16,"minecraft:tuff":83,"minecraft:cherry_fence":6,"minecraft:lantern":5,"minecraft:cherry_door":3,"minecraft:dirt":3451,"minecraft:mangrove_fence":1,"minecraft:bone":14,"minecraft:wheat_seeds":81,"minecraft:deepslate_brick_slab":13,"minecraft:bamboo":43,"minecraft:oak_planks":171,"minecraft:loom":1,"minecraft:stripped_acacia_log":33,"minecraft:diamond":33,"minecraft:cherry_hanging_sign":4,"minecraft:granite":11,"minecraft:bread":41,"alexsmobs:maggot":2,"minecraft:oak_sapling":130,"minecraft:cherry_slab":11,"minecraft:diamond_pickaxe":1,"minecraft:cocoa_beans":10,"minecraft:crafting_table":29,"minecraft:azure_bluet":2,"minecraft:chicken":11,"minecraft:ladder":1,"minecraft:wooden_pickaxe":1,"minecraft:stripped_cherry_log":32,"minecraft:stripped_mangrove_log":2,"minecraft:cornflower":12,"minecraft:moss_carpet":2,"minecraft:iron_axe":1,"minecraft:beef":12,"minecraft:jungle_sapling":7,"minecraft:poppy":97,"minecraft:lectern":52,"minecraft:quartz_stairs":9,"minecraft:sugar_cane":80,"minecraft:chest":2,"minecraft:birch_sapling":7,"minecraft:cherry_button":11,"minecraft:cherry_trapdoor":62,"minecraft:egg":1,"minecraft:raw_iron":39,"minecraft:polished_deepslate_slab":22,"minecraft:cherry_stairs":30,"minecraft:redstone":174,"vtaw_mw:iron_katana":1,"minecraft:mangrove_trapdoor":1,"minecraft:jungle_sign":1,"minecraft:cherry_fence_gate":2,"minecraft:arrow":15,"minecraft:jungle_stairs":13,"minecraft:deepslate_bricks":4,"minecraft:mutton":39,"minecraft:crimson_slab":5,"minecraft:white_wool":40,"minecraft:oxeye_daisy":10,"minecraft:basalt":1,"minecraft:leather":3,"minecraft:oak_log":295,"minecraft:yellow_bed":2,"minecraft:gunpowder":4,"minecraft:apple":17,"minecraft:iron_ingot":22,"minecraft:iron_sword":1,"minecraft:acacia_sapling":9,"minecraft:scaffolding":309,"minecraft:smooth_basalt":1,"minecraft:black_candle":1,"minecraft:pumpkin":8,"minecraft:red_wool":24,"minecraft:dandelion":21,"minecraft:gravel":141,"minecraft:crimson_stairs":4,"minecraft:white_bed":3,"minecraft:cherry_sapling":633,"minecraft:gray_wool":1,"minecraft:coal":136,"minecraft:hopper":1,"minecraft:ender_pearl":1}},"DataVersion":3465}