{"stats":{"minecraft:custom":{"minecraft:interact_with_crafting_table":194,"minecraft:open_barrel":24,"minecraft:bell_ring":2,"minecraft:leave_game":30,"minecraft:time_since_death":22231,"minecraft:sprint_one_cm":3020735,"minecraft:drop":196,"minecraft:talked_to_villager":467,"minecraft:play_time":1713759,"minecraft:deaths":46,"minecraft:jump":13674,"minecraft:interact_with_brewingstand":2,"minecraft:walk_on_water_one_cm":52865,"minecraft:enchant_item":10,"minecraft:interact_with_furnace":36,"minecraft:play_record":1,"minecraft:traded_with_villager":1062,"minecraft:interact_with_cartography_table":4,"minecraft:interact_with_loom":1,"minecraft:sleep_in_bed":65,"minecraft:damage_dealt":51786,"minecraft:player_kills":2,"minecraft:crouch_one_cm":152053,"minecraft:interact_with_smoker":59,"minecraft:interact_with_smithing_table":2,"minecraft:interact_with_anvil":15,"minecraft:mob_kills":313,"minecraft:inspect_hopper":2,"minecraft:fill_cauldron":2,"minecraft:climb_one_cm":241164,"minecraft:walk_one_cm":3965641,"minecraft:sneak_time":74900,"minecraft:walk_under_water_one_cm":25098,"minecraft:interact_with_blast_furnace":25,"minecraft:total_world_time":1713759,"minecraft:pot_flower":28,"minecraft:interact_with_grindstone":6,"minecraft:interact_with_stonecutter":19,"minecraft:time_since_rest":22273,"minecraft:damage_absorbed":40,"minecraft:damage_taken":24227,"minecraft:trigger_trapped_chest":5,"minecraft:swim_one_cm":72036,"minecraft:fly_one_cm":3472631,"minecraft:open_chest":774,"minecraft:fall_one_cm":476856},"minecraft:killed":{"minecraft:cave_spider":1,"minecraft:spider":9,"minecraft:skeleton":83,"minecraft:chicken":12,"alexsmobs:straddler":4,"alexsmobs:kangaroo":16,"minecraft:pig":42,"minecraft:iron_golem":7,"minecraft:creeper":4,"minecraft:sheep":25,"minecraft:trader_llama":1,"minecraft:pillager":6,"minecraft:goat":1,"minecraft:donkey":1,"minecraft:zombie":27,"alexsmobs:fly":4,"minecraft:cow":20,"creeperoverhaul:badlands_creeper":1,"alexsmobs:raccoon":2,"alexsmobs:rattlesnake":1,"minecraft:horse":10,"alexsmobs:bison":1,"minecraft:rabbit":4,"alexsmobs:catfish":1,"alexsmobs:cockroach":1,"minecraft:villager":14},"minecraft:crafted":{"minecraft:smooth_stone":16,"minecraft:oak_planks":1140,"minecraft:barrel":3,"minecraft:cobblestone_slab":12,"minecraft:oak_sign":24,"minecraft:cherry_pressure_plate":8,"minecraft:cherry_slab":282,"minecraft:cooked_chicken":9,"minecraft:chain":44,"minecraft:lightning_rod":1,"minecraft:stone":134,"minecraft:diamond_shovel":1,"minecraft:bookshelf":18,"minecraft:cooked_mutton":39,"minecraft:bamboo_block":263,"minecraft:hopper":1,"minecraft:mangrove_fence":30,"minecraft:stone_brick_slab":2,"minecraft:diamond_helmet":1,"minecraft:diamond_leggings":1,"minecraft:bow":1,"minecraft:iron_boots":1,"minecraft:mangrove_stairs":8,"minecraft:chest":18,"minecraft:copper_block":15,"minecraft:jungle_stairs":24,"minecraft:oak_fence":12,"minecraft:cherry_fence":120,"vtaw_mw:diamond_katana":1,"minecraft:emerald":1005,"minecraft:cauldron":1,"vtaw_mw:wooden_rod":4,"minecraft:cooked_porkchop":73,"minecraft:diamond_axe":1,"minecraft:map":6,"minecraft:crafting_table":9,"minecraft:wooden_pickaxe":1,"minecraft:iron_helmet":1,"minecraft:cherry_button":24,"minecraft:smithing_table":1,"minecraft:mangrove_trapdoor":30,"minecraft:copper_ingot":147,"vtaw_mw:iron_glaive":1,"minecraft:polished_deepslate_slab":84,"vtaw_mw:stone_katana":1,"minecraft:cartography_table":1,"minecraft:stone_brick_stairs":2,"minecraft:bamboo_planks":526,"minecraft:iron_chestplate":1,"minecraft:book":45,"minecraft:paper":213,"minecraft:diamond_pickaxe":1,"minecraft:stick":3569,"minecraft:iron_ingot":31,"minecraft:iron_pickaxe":3,"minecraft:iron_block":3,"minecraft:gold_ingot":9,"minecraft:netherite_ingot":1,"minecraft:deepslate_bricks":136,"minecraft:shears":1,"minecraft:packed_ice":6,"minecraft:golden_carrot":10,"minecraft:cherry_planks":1796,"minecraft:stone_shovel":14,"minecraft:coal":126,"minecraft:smooth_stone_slab":6,"minecraft:iron_nugget":360,"minecraft:crimson_trapdoor":8,"minecraft:experience_bottle":12,"minecraft:crimson_fence_gate":6,"minecraft:furnace":1,"minecraft:stone_button":4,"minecraft:yellow_bed":7,"minecraft:bone_meal":9,"minecraft:white_carpet":54,"minecraft:flint_and_steel":1,"minecraft:cherry_trapdoor":140,"minecraft:lantern":34,"minecraft:leather":9,"minecraft:polished_deepslate":332,"minecraft:iron_axe":3,"minecraft:ladder":51,"minecraft:cherry_stairs":104,"minecraft:stone_pickaxe":11,"minecraft:diamond_boots":1,"minecraft:deepslate_tile_wall":1,"minecraft:netherite_scrap":6,"minecraft:cherry_fence_gate":56,"minecraft:cooked_beef":12,"minecraft:red_dye":91,"minecraft:enchanting_table":1,"minecraft:crimson_slab":6,"minecraft:deepslate_brick_slab":60,"minecraft:mangrove_planks":148,"minecraft:bucket":7,"minecraft:red_carpet":54,"minecraft:stone_axe":9,"minecraft:enchanted_book":12,"minecraft:jungle_slab":12,"minecraft:air":0,"minecraft:jungle_planks":224,"minecraft:oak_fence_gate":3,"minecraft:gold_nugget":27,"vtaw_mw:iron_katana":1,"minecraft:wooden_axe":1,"minecraft:iron_shovel":5,"minecraft:cherry_door":9,"minecraft:iron_leggings":1,"minecraft:armor_stand":6,"minecraft:stonecutter":1,"minecraft:anvil":1,"minecraft:torch":204,"minecraft:lapis_lazuli":12,"minecraft:mangrove_slab":12,"minecraft:diamond_chestplate":1},"minecraft:picked_up":{"minecraft:wooden_axe":1,"minecraft:flower_pot":1,"minecraft:yellow_wool":27,"minecraft:smithing_table":1,"minecraft:lead":2,"minecraft:crimson_planks":2,"minecraft:polished_deepslate":3,"minecraft:music_disc_cat":1,"minecraft:string":56,"minecraft:raw_copper":201,"minecraft:cherry_pressure_plate":1,"minecraft:armor_stand":1,"minecraft:oak_sign":16,"minecraft:smooth_stone":4,"minecraft:cobbled_deepslate":655,"minecraft:gold_nugget":141,"alexsmobs:banana":1,"minecraft:rose_bush":22,"minecraft:calcite":6,"minecraft:deepslate_tile_wall":1,"minecraft:coal_block":14,"minecraft:smooth_quartz_stairs":1,"minecraft:stick":505,"minecraft:deepslate_brick_wall":10,"minecraft:polished_deepslate_stairs":12,"minecraft:brown_terracotta":9,"minecraft:oak_fence":1,"minecraft:torch":116,"minecraft:acacia_log":34,"minecraft:porkchop":73,"minecraft:lightning_rod":2,"minecraft:cherry_log":1065,"minecraft:diorite":22,"minecraft:cactus":18,"minecraft:mangrove_stairs":6,"minecraft:rotten_flesh":29,"minecraft:red_sandstone_slab":1,"minecraft:polished_basalt":1,"minecraft:obsidian":15,"alexsmobs:mungal_spores":1,"minecraft:snowball":4,"minecraft:cobblestone":1780,"minecraft:birch_log":38,"minecraft:pink_petals":3,"minecraft:magma_block":2,"minecraft:feather":4,"minecraft:cooked_beef":32,"minecraft:cherry_planks":10,"minecraft:cherry_leaves":28,"minecraft:andesite":28,"minecraft:jungle_log":57,"minecraft:copper_block":26,"minecraft:smoker":1,"minecraft:potato":2,"alexsmobs:bison_fur":2,"minecraft:flint":31,"minecraft:tuff":83,"minecraft:cherry_fence":6,"alexsmobs:cooked_kangaroo_meat":25,"minecraft:cherry_door":3,"minecraft:dirt":3741,"minecraft:lantern":12,"minecraft:mangrove_fence":1,"minecraft:bone":69,"minecraft:bow":4,"minecraft:wheat_seeds":99,"minecraft:deepslate_brick_slab":13,"minecraft:grindstone":1,"minecraft:glowstone_dust":3,"minecraft:bamboo":2157,"minecraft:oak_planks":172,"minecraft:cooked_porkchop":16,"minecraft:sand":120,"minecraft:jungle_planks":5,"minecraft:loom":1,"minecraft:barrel":2,"minecraft:mossy_cobblestone":112,"minecraft:stripped_acacia_log":33,"alexsmobs:kangaroo_hide":19,"minecraft:blue_terracotta":3,"minecraft:diamond":33,"minecraft:cherry_hanging_sign":4,"minecraft:granite":11,"minecraft:bone_meal":3,"minecraft:bread":41,"alexsmobs:maggot":2,"minecraft:chiseled_red_sandstone":2,"minecraft:oak_sapling":148,"minecraft:cherry_slab":13,"minecraft:netherrack":802,"minecraft:dark_oak_fence":4,"minecraft:diamond_pickaxe":1,"minecraft:cocoa_beans":10,"minecraft:crafting_table":30,"minecraft:azure_bluet":2,"minecraft:chicken":11,"minecraft:ladder":1,"minecraft:wooden_pickaxe":1,"minecraft:cooked_rabbit":4,"minecraft:stripped_cherry_log":32,"minecraft:chain":3,"minecraft:stripped_mangrove_log":2,"minecraft:cornflower":12,"minecraft:moss_carpet":2,"minecraft:iron_axe":1,"minecraft:birch_fence":1,"minecraft:blackstone":15,"minecraft:cartography_table":3,"minecraft:beef":12,"minecraft:jungle_sapling":7,"minecraft:poppy":98,"minecraft:lectern":52,"minecraft:quartz_stairs":9,"minecraft:sugar_cane":225,"minecraft:chest":2,"minecraft:birch_sapling":7,"minecraft:cherry_button":11,"minecraft:cherry_trapdoor":62,"minecraft:egg":1,"minecraft:raw_iron":39,"minecraft:polished_deepslate_slab":22,"minecraft:cherry_stairs":30,"minecraft:glow_item_frame":2,"minecraft:redstone":174,"vtaw_mw:iron_katana":1,"minecraft:mangrove_trapdoor":1,"minecraft:stone_pressure_plate":1,"minecraft:jungle_sign":1,"minecraft:cherry_fence_gate":2,"minecraft:tnt":12,"minecraft:arrow":88,"minecraft:jungle_stairs":14,"minecraft:deepslate_bricks":4,"minecraft:hay_block":1,"minecraft:yellow_terracotta":2,"minecraft:mutton":39,"minecraft:white_wool":40,"minecraft:crimson_slab":5,"minecraft:oxeye_daisy":10,"minecraft:basalt":243,"minecraft:smooth_red_sandstone":3,"minecraft:leather":28,"minecraft:oak_log":348,"minecraft:ancient_debris":6,"minecraft:yellow_bed":2,"minecraft:gunpowder":5,"minecraft:red_carpet":19,"minecraft:apple":17,"minecraft:red_sandstone":66,"minecraft:rabbit_hide":2,"minecraft:iron_ingot":38,"minecraft:cooked_chicken":1,"minecraft:iron_sword":1,"minecraft:acacia_sapling":9,"minecraft:book":30,"minecraft:scaffolding":309,"minecraft:smooth_basalt":1,"minecraft:black_candle":1,"minecraft:pumpkin":8,"minecraft:red_wool":24,"minecraft:quartz":28,"minecraft:dandelion":21,"minecraft:gravel":244,"minecraft:crimson_stairs":4,"minecraft:white_bed":3,"minecraft:spider_eye":2,"minecraft:cherry_sapling":649,"minecraft:gray_wool":1,"minecraft:terracotta":9,"minecraft:coal":156,"minecraft:hopper":2,"minecraft:ender_pearl":1},"minecraft:used":{"vtaw_mw:iron_katana":597,"minecraft:cherry_sapling":80,"vtaw_mw:stone_katana":49,"minecraft:polished_deepslate":39,"minecraft:iron_shovel":1545,"minecraft:ladder":33,"minecraft:oak_sign":12,"minecraft:polished_basalt":1,"minecraft:chest":35,"minecraft:decorated_pot":2,"minecraft:nether_wart":3,"minecraft:quartz_stairs":25,"minecraft:iron_chestplate":1,"minecraft:soul_sand":5,"minecraft:pink_candle":14,"minecraft:jungle_planks":7,"minecraft:carrot":4,"minecraft:jungle_slab":9,"minecraft:orange_wool":61,"minecraft:deepslate_brick_slab":1739,"minecraft:obsidian":9,"minecraft:polished_deepslate_stairs":47,"minecraft:glass":1,"minecraft:mangrove_stairs":34,"minecraft:grass_block":604,"minecraft:red_wool":44,"minecraft:lava_bucket":2,"minecraft:lantern":150,"minecraft:iron_helmet":1,"minecraft:cherry_leaves":27,"minecraft:cherry_button":27,"minecraft:stone_brick_stairs":53,"minecraft:stone_bricks":248,"minecraft:red_carpet":89,"minecraft:stripped_mangrove_log":29,"minecraft:bow":12,"minecraft:hay_block":1,"minecraft:scaffolding":328,"minecraft:mangrove_slab":12,"minecraft:furnace":1,"minecraft:egg":1,"minecraft:deepslate_brick_wall":213,"minecraft:oak_planks":5,"minecraft:stone_pickaxe":789,"minecraft:stripped_acacia_log":1,"minecraft:wooden_pickaxe":3,"minecraft:sugar_cane":6,"minecraft:diamond_axe":420,"minecraft:smooth_quartz_stairs":1,"minecraft:golden_apple":1,"minecraft:white_wool":59,"minecraft:loom":1,"minecraft:blast_furnace":2,"minecraft:stone_brick_wall":34,"minecraft:shears":64,"minecraft:deepslate_brick_stairs":2,"minecraft:crimson_fence_gate":4,"minecraft:lightning_rod":3,"minecraft:birch_fence":2,"minecraft:cherry_hanging_sign":64,"minecraft:stone_button":4,"minecraft:bread":14,"minecraft:lectern":59,"minecraft:jungle_sign":2,"minecraft:grindstone":2,"minecraft:smithing_table":3,"minecraft:cooked_rabbit":4,"minecraft:chain":48,"minecraft:stripped_cherry_log":132,"minecraft:bone_meal":8,"minecraft:oak_fence":2,"minecraft:experience_bottle":12,"minecraft:iron_bars":8,"minecraft:enchanting_table":1,"minecraft:acacia_log":34,"minecraft:flint_and_steel":49,"minecraft:armor_stand":11,"minecraft:stone_shovel":1829,"minecraft:cooked_chicken":3,"minecraft:mangrove_fence":8,"minecraft:netherrack":147,"minecraft:torch":287,"minecraft:brewing_stand":1,"minecraft:dirt":960,"minecraft:anvil":2,"minecraft:hopper":4,"minecraft:cherry_pressure_plate":9,"alexsmobs:cooked_kangaroo_meat":21,"minecraft:jungle_trapdoor":2,"minecraft:oak_fence_gate":3,"minecraft:wooden_axe":49,"minecraft:stone_brick_slab":12,"minecraft:bookshelf":37,"minecraft:cherry_slab":454,"minecraft:iron_axe":990,"minecraft:crimson_slab":138,"minecraft:cherry_trapdoor":384,"minecraft:red_candle":69,"minecraft:iron_boots":1,"minecraft:crimson_planks":110,"minecraft:cherry_fence_gate":102,"minecraft:barrel":17,"minecraft:bamboo":71,"minecraft:smooth_basalt":1,"minecraft:basalt":59,"minecraft:golden_carrot":3,"alexsmobs:banana":1,"minecraft:cooked_beef":37,"vtaw_mw:iron_glaive":2,"minecraft:cobbled_deepslate":47,"minecraft:cherry_fence":237,"minecraft:cherry_log":679,"minecraft:iron_leggings":1,"minecraft:calcite":354,"minecraft:cooked_mutton":39,"minecraft:water_bucket":48,"minecraft:chiseled_bookshelf":30,"minecraft:cartography_table":4,"minecraft:copper_block":41,"minecraft:cherry_planks":244,"minecraft:cauldron":2,"vtaw_mw:diamond_katana":597,"minecraft:fletching_table":1,"minecraft:stonecutter":3,"minecraft:cobblestone_slab":1,"minecraft:deepslate_bricks":445,"minecraft:glow_item_frame":24,"minecraft:mossy_cobblestone":1,"minecraft:polished_deepslate_slab":354,"minecraft:mangrove_trapdoor":39,"minecraft:music_disc_cat":1,"minecraft:crimson_trapdoor":8,"minecraft:crafting_table":36,"minecraft:white_bed":4,"minecraft:book":2,"minecraft:smoker":1,"minecraft:deepslate_tile_wall":1,"minecraft:flower_pot":32,"minecraft:black_wool":16,"minecraft:diamond_pickaxe":2988,"minecraft:apple":13,"minecraft:diamond_shovel":999,"minecraft:cherry_door":12,"minecraft:iron_pickaxe":729,"minecraft:map":1,"minecraft:jungle_stairs":63,"minecraft:yellow_wool":47,"minecraft:stone_axe":1099,"minecraft:pink_petals":8,"minecraft:cobblestone":74,"minecraft:cherry_stairs":308,"minecraft:crimson_stairs":194,"minecraft:cooked_porkchop":74,"minecraft:black_candle":14,"minecraft:bucket":51,"minecraft:yellow_bed":9,"alexsmobs:animal_dictionary":1,"minecraft:gray_wool":18,"minecraft:jukebox":2,"minecraft:smooth_stone":494},"minecraft:broken":{"minecraft:iron_shovel":6,"minecraft:stone_pickaxe":5,"minecraft:stone_axe":3,"minecraft:stone_shovel":12,"minecraft:iron_axe":3,"minecraft:iron_pickaxe":2},"minecraft:killed_by":{"minecraft:creeper":2,"alexsmobs:straddler":1,"alexsmobs:crocodile":1,"minecraft:zombie":3,"minecraft:spider":1,"minecraft:iron_golem":12,"minecraft:skeleton":1},"minecraft:dropped":{"minecraft:oak_log":1,"minecraft:red_sandstone":27,"minecraft:deepslate_tile_wall":1,"minecraft:leather":3,"minecraft:cherry_hanging_sign":2,"alexsmobs:bison_fur":2,"minecraft:dirt":745,"minecraft:dark_oak_fence":4,"minecraft:cherry_trapdoor":3,"minecraft:cornflower":10,"minecraft:snowball":4,"minecraft:cherry_button":8,"minecraft:gold_nugget":3,"minecraft:bone_meal":12,"minecraft:bone":7,"minecraft:gravel":89,"minecraft:stone_axe":4,"minecraft:sugar_cane":2,"minecraft:cobbled_deepslate":1,"minecraft:cherry_sapling":71,"minecraft:rotten_flesh":53,"minecraft:oak_planks":29,"minecraft:glowstone_dust":3,"minecraft:poppy":4,"minecraft:rabbit_hide":2,"minecraft:ladder":5,"minecraft:basalt":6,"minecraft:arrow":8,"vtaw_mw:iron_katana":2,"minecraft:netherrack":1,"minecraft:iron_ingot":17,"minecraft:wheat_seeds":66,"minecraft:mossy_cobblestone":111,"minecraft:oak_fence":11,"minecraft:feather":1,"minecraft:cobblestone":451,"minecraft:granite":6,"minecraft:copper_ingot":12,"minecraft:grass_block":1,"minecraft:coal":2,"minecraft:stick":10,"minecraft:oxeye_daisy":9,"minecraft:gray_wool":1,"minecraft:torch":1,"minecraft:wooden_axe":1,"minecraft:iron_axe":1,"minecraft:pink_petals":4,"minecraft:polished_deepslate":1,"minecraft:dandelion":10,"minecraft:redstone":42,"minecraft:blue_terracotta":2,"minecraft:moss_carpet":2,"alexsmobs:maggot":2,"minecraft:raw_copper":19,"minecraft:chiseled_red_sandstone":2,"minecraft:red_sandstone_slab":1,"minecraft:oak_sign":18,"alexsmobs:cooked_kangaroo_meat":2,"minecraft:deepslate_bricks":1,"minecraft:filled_map":1,"minecraft:potato":1,"minecraft:diamond_pickaxe":1,"minecraft:andesite":1,"minecraft:oak_sapling":40,"minecraft:spider_eye":1,"minecraft:bamboo":10,"vtaw_mw:iron_glaive":1,"minecraft:bow":4,"minecraft:wooden_pickaxe":1,"minecraft:terracotta":1},"minecraft:mined":{"minecraft:cherry_pressure_plate":1,"minecraft:white_bed":3,"minecraft:stone_pressure_plate":1,"minecraft:cherry_log":1080,"minecraft:chiseled_red_sandstone":2,"minecraft:obsidian":15,"minecraft:cherry_trapdoor":62,"minecraft:granite":11,"minecraft:grass_block":1515,"minecraft:acacia_log":39,"minecraft:deepslate_tile_wall":1,"minecraft:mangrove_fence":1,"minecraft:jungle_log":57,"minecraft:coal_block":14,"minecraft:deepslate_bricks":4,"minecraft:oxeye_daisy":9,"minecraft:hopper":2,"minecraft:oak_wall_sign":7,"minecraft:spawner":1,"minecraft:tall_seagrass":1,"minecraft:smooth_stone":4,"minecraft:magma_block":2,"minecraft:glowstone":2,"minecraft:iron_ore":23,"minecraft:barrel":2,"minecraft:fire":114,"minecraft:cobbled_deepslate":2,"minecraft:pumpkin":8,"minecraft:smooth_red_sandstone":3,"minecraft:oak_sign":1,"minecraft:dirt_path":55,"minecraft:polished_deepslate_slab":16,"minecraft:cherry_hanging_sign":1,"minecraft:black_candle":1,"minecraft:azalea_leaves":1,"minecraft:deepslate_redstone_ore":29,"minecraft:polished_deepslate_stairs":12,"minecraft:blackstone":18,"minecraft:smoker":1,"minecraft:deepslate_brick_wall":10,"minecraft:torch":65,"minecraft:light_gray_terracotta":2,"minecraft:jungle_stairs":14,"minecraft:poppy":85,"minecraft:calcite":7,"minecraft:chest":3,"minecraft:dead_bush":1,"minecraft:nether_quartz_ore":19,"minecraft:cobblestone":34,"minecraft:oak_planks":4,"minecraft:sugar_cane":123,"minecraft:grindstone":1,"minecraft:crimson_stairs":4,"minecraft:wall_torch":33,"minecraft:cherry_slab":10,"minecraft:pink_petals":1,"minecraft:chain":3,"minecraft:cherry_fence":6,"minecraft:blue_terracotta":3,"minecraft:yellow_wool":27,"minecraft:birch_log":38,"minecraft:cherry_door":3,"minecraft:tnt":12,"minecraft:copper_block":26,"minecraft:grass":508,"minecraft:oak_log":352,"minecraft:cherry_button":11,"minecraft:loom":1,"minecraft:sand":74,"minecraft:dirt":2130,"minecraft:crimson_planks":2,"minecraft:smooth_basalt":1,"minecraft:ancient_debris":6,"minecraft:netherrack":1048,"minecraft:oak_leaves":29,"minecraft:deepslate":673,"minecraft:yellow_terracotta":2,"minecraft:nether_gold_ore":19,"minecraft:tuff":100,"minecraft:quartz_stairs":9,"minecraft:mossy_cobblestone":38,"minecraft:deepslate_diamond_ore":14,"minecraft:stripped_mangrove_log":2,"minecraft:cherry_sapling":10,"minecraft:stripped_cherry_log":32,"minecraft:dark_oak_fence":4,"minecraft:ladder":1,"minecraft:jungle_planks":5,"minecraft:mangrove_trapdoor":1,"minecraft:cartography_table":3,"minecraft:hay_block":1,"minecraft:deepslate_brick_slab":9,"minecraft:oak_trapdoor":1,"minecraft:polished_basalt":1,"minecraft:red_sandstone":66,"minecraft:andesite":34,"minecraft:gold_block":1,"minecraft:polished_deepslate":3,"minecraft:bookshelf":10,"minecraft:deepslate_iron_ore":4,"minecraft:vine":11,"minecraft:lantern":9,"minecraft:stripped_acacia_log":33,"minecraft:smooth_quartz_stairs":1,"minecraft:bamboo":180,"minecraft:stone":1676,"minecraft:cherry_fence_gate":2,"minecraft:cherry_stairs":30,"minecraft:smithing_table":1,"minecraft:scaffolding":146,"minecraft:mangrove_stairs":8,"minecraft:red_sandstone_slab":1,"minecraft:cherry_planks":10,"minecraft:red_wool":24,"minecraft:snow_block":1,"minecraft:basalt":280,"minecraft:dandelion":8,"minecraft:crafting_table":28,"minecraft:cornflower":7,"minecraft:crimson_slab":5,"minecraft:rose_bush":25,"minecraft:lectern":52,"minecraft:lightning_rod":2,"minecraft:copper_ore":34,"minecraft:tall_grass":59,"minecraft:diorite":22,"minecraft:cactus":6,"minecraft:cherry_wall_hanging_sign":2,"minecraft:birch_leaves":3,"minecraft:yellow_bed":3,"minecraft:coal_ore":106,"minecraft:cocoa":1,"minecraft:cherry_leaves":33,"minecraft:gravel":293,"minecraft:cobweb":48,"minecraft:brown_terracotta":9,"minecraft:terracotta":9,"minecraft:birch_fence":1,"minecraft:fern":7}},"DataVersion":3465}