{"stats":{"minecraft:killed_by":{"minecraft:piglin_brute":6,"alexsmobs:straddler":1,"minecraft:vindicator":2,"minecraft:zombie":4,"minecraft:vex":1,"minecraft:ender_dragon":1,"alexsmobs:mimicube":1,"minecraft:creeper":2,"alexsmobs:elephant":2,"alexsmobs:crocodile":1,"minecraft:player":1,"minecraft:spider":1,"minecraft:enderman":1,"minecraft:iron_golem":12,"minecraft:skeleton":1},"minecraft:dropped":{"minecraft:cooked_beef":1,"minecraft:cooked_porkchop":3,"minecraft:red_sandstone":27,"minecraft:crossbow":20,"minecraft:cherry_hanging_sign":2,"minecraft:cracked_stone_bricks":1,"minecraft:emerald":188,"minecraft:dirt":754,"minecraft:dark_oak_fence":8,"vtaw_mw:netherite_katana":1,"minecraft:cherry_button":8,"minecraft:gold_nugget":6,"minecraft:bone_meal":12,"minecraft:white_wool":2,"minecraft:bone":16,"minecraft:stone_axe":4,"minecraft:sugar_cane":2,"minecraft:cobbled_deepslate":228,"minecraft:rotten_flesh":59,"minecraft:oak_planks":34,"minecraft:end_stone":11,"minecraft:glowstone_dust":3,"minecraft:blaze_powder":24,"minecraft:ladder":5,"minecraft:end_stone_bricks":1,"vtaw_mw:iron_katana":2,"minecraft:iron_ingot":17,"minecraft:wheat_seeds":69,"minecraft:oak_fence":11,"minecraft:feather":1,"minecraft:cobblestone":660,"minecraft:book":18,"minecraft:granite":10,"alexsmobs:raw_catfish":2,"minecraft:coal":3,"minecraft:golden_apple":1,"minecraft:oxeye_daisy":10,"minecraft:gray_wool":1,"minecraft:golden_carrot":32,"minecraft:ink_sac":3,"minecraft:wooden_axe":1,"minecraft:string":10,"minecraft:moss_carpet":2,"minecraft:netherite_ingot":1,"minecraft:cobblestone_wall":1,"minecraft:chiseled_red_sandstone":2,"minecraft:red_sandstone_slab":1,"minecraft:oak_sign":20,"alexsmobs:cooked_kangaroo_meat":2,"minecraft:potato":1,"minecraft:cobblestone_slab":8,"minecraft:diamond_pickaxe":1,"minecraft:spider_eye":7,"minecraft:stone_bricks":3,"minecraft:bamboo":10,"minecraft:bow":6,"minecraft:terracotta":1,"minecraft:birch_planks":1,"minecraft:oak_log":1,"minecraft:ender_pearl":11,"minecraft:netherite_upgrade_smithing_template":1,"minecraft:deepslate_tile_wall":1,"minecraft:leather":3,"minecraft:birch_slab":1,"alexsmobs:bison_fur":2,"minecraft:flint":1,"minecraft:cobblestone_stairs":2,"minecraft:cherry_trapdoor":3,"minecraft:cornflower":10,"minecraft:snowball":4,"minecraft:gold_ingot":6,"minecraft:gravel":198,"minecraft:purpur_block":7,"minecraft:blackstone":20,"minecraft:cherry_sapling":71,"minecraft:poppy":441,"minecraft:rabbit_hide":2,"minecraft:iron_bars":14,"minecraft:basalt":26,"minecraft:arrow":17,"minecraft:quartz":1,"minecraft:netherrack":1349,"minecraft:mossy_cobblestone":111,"vtaw_mw:diamond_katana":1,"minecraft:spectral_arrow":15,"minecraft:copper_ingot":12,"minecraft:grass_block":1,"minecraft:stick":15,"minecraft:diorite":7,"minecraft:torch":2,"minecraft:iron_door":1,"endermanoverhaul:bubble_pearl":1,"minecraft:iron_axe":2,"minecraft:pink_petals":4,"minecraft:dandelion":16,"minecraft:redstone":42,"minecraft:polished_deepslate":1,"minecraft:blue_terracotta":2,"alexsmobs:maggot":2,"minecraft:raw_copper":19,"minecraft:tuff":14,"minecraft:raw_iron":2,"minecraft:totem_of_undying":1,"minecraft:deepslate_bricks":1,"minecraft:filled_map":1,"minecraft:andesite":9,"minecraft:mossy_stone_bricks":2,"minecraft:oak_sapling":42,"minecraft:golden_leggings":1,"vtaw_mw:iron_glaive":1,"minecraft:wooden_pickaxe":1},"minecraft:mined":{"minecraft:dark_oak_planks":7,"minecraft:white_bed":3,"minecraft:cherry_log":1080,"minecraft:chiseled_red_sandstone":2,"minecraft:red_nether_bricks":2,"minecraft:obsidian":21,"minecraft:granite":21,"minecraft:acacia_log":39,"minecraft:deepslate_tile_wall":1,"minecraft:jungle_log":57,"minecraft:deepslate_bricks":4,"minecraft:coal_block":14,"minecraft:hopper":3,"minecraft:oak_wall_sign":7,"minecraft:oxeye_daisy":10,"minecraft:spawner":4,"minecraft:polished_blackstone_bricks":147,"minecraft:tall_seagrass":2,"minecraft:magma_block":73,"minecraft:cobbled_deepslate":5,"minecraft:fire":122,"minecraft:barrel":2,"minecraft:pumpkin":8,"minecraft:deepslate_lapis_ore":8,"minecraft:smooth_red_sandstone":3,"minecraft:polished_deepslate_slab":16,"minecraft:oak_sign":1,"minecraft:dirt_path":55,"minecraft:oak_stairs":7,"minecraft:white_banner":1,"minecraft:cut_sandstone":5,"minecraft:deepslate_brick_wall":10,"minecraft:smoker":1,"minecraft:crimson_nylium":5,"minecraft:torch":87,"minecraft:dead_bush":2,"minecraft:glass":1,"minecraft:sugar_cane":139,"minecraft:damaged_anvil":2,"minecraft:crimson_stairs":4,"minecraft:cherry_slab":10,"minecraft:chain":3,"minecraft:cherry_fence":9,"minecraft:copper_block":26,"minecraft:grass":582,"minecraft:cherry_button":11,"minecraft:oak_fence_gate":3,"minecraft:loom":1,"minecraft:sandstone_wall":2,"minecraft:smooth_basalt":1,"minecraft:deepslate":1624,"minecraft:yellow_terracotta":2,"minecraft:mossy_cobblestone":38,"minecraft:cherry_sapling":10,"minecraft:end_stone":29,"minecraft:nether_bricks":9,"minecraft:dark_oak_fence":8,"minecraft:jungle_planks":5,"minecraft:cartography_table":5,"minecraft:red_sandstone":66,"minecraft:andesite":49,"minecraft:cobblestone_slab":33,"minecraft:vine":11,"minecraft:warped_stem":119,"minecraft:smooth_quartz_stairs":1,"minecraft:bamboo":202,"minecraft:cherry_fence_gate":2,"minecraft:smithing_table":1,"minecraft:oak_slab":4,"minecraft:mangrove_stairs":8,"minecraft:glass_pane":2,"minecraft:red_sandstone_slab":1,"minecraft:cherry_planks":10,"minecraft:soul_sand":1,"minecraft:dandelion":12,"minecraft:smooth_sandstone":8,"minecraft:cornflower":7,"minecraft:warped_roots":5,"minecraft:crimson_slab":5,"minecraft:lightning_rod":2,"minecraft:tall_grass":70,"minecraft:copper_ore":34,"minecraft:deepslate_gold_ore":1,"minecraft:diorite":31,"minecraft:warped_wart_block":326,"minecraft:coarse_dirt":7,"minecraft:cobblestone_wall":1,"minecraft:cherry_wall_hanging_sign":2,"minecraft:birch_leaves":3,"minecraft:gravel":399,"minecraft:cobweb":52,"minecraft:brown_terracotta":9,"minecraft:stone_bricks":3,"minecraft:fern":7,"minecraft:cherry_pressure_plate":1,"minecraft:stone_pressure_plate":1,"minecraft:cobblestone_stairs":6,"minecraft:cherry_trapdoor":62,"minecraft:grass_block":1544,"minecraft:mangrove_fence":1,"minecraft:cracked_polished_blackstone_bricks":66,"minecraft:gilded_blackstone":1,"minecraft:smooth_stone":4,"minecraft:glowstone":20,"minecraft:iron_ore":23,"minecraft:cherry_hanging_sign":1,"minecraft:iron_bars":4,"minecraft:black_candle":1,"minecraft:azalea_leaves":1,"minecraft:end_stone_bricks":2,"minecraft:deepslate_redstone_ore":70,"minecraft:blackstone":54,"minecraft:polished_deepslate_stairs":12,"minecraft:orange_terracotta":1,"minecraft:clay":30,"minecraft:light_gray_terracotta":2,"minecraft:jungle_stairs":15,"minecraft:calcite":7,"minecraft:poppy":86,"minecraft:chest":8,"minecraft:nether_quartz_ore":193,"minecraft:cobblestone":130,"minecraft:grindstone":1,"minecraft:oak_planks":14,"minecraft:iron_door":1,"minecraft:wall_torch":45,"minecraft:pink_petals":1,"minecraft:warped_nylium":14,"minecraft:blue_terracotta":4,"minecraft:yellow_wool":27,"minecraft:birch_log":38,"minecraft:cherry_door":3,"minecraft:tnt":12,"minecraft:purpur_block":9,"minecraft:oak_log":369,"minecraft:sand":75,"minecraft:dirt":2213,"minecraft:crimson_planks":2,"minecraft:netherrack":2355,"minecraft:ancient_debris":8,"minecraft:oak_leaves":29,"minecraft:nether_gold_ore":30,"minecraft:tuff":221,"minecraft:quartz_stairs":9,"minecraft:stripped_mangrove_log":2,"minecraft:deepslate_diamond_ore":21,"minecraft:stripped_cherry_log":32,"minecraft:ladder":1,"minecraft:mangrove_trapdoor":1,"minecraft:sandstone":106,"minecraft:crimson_stem":1,"minecraft:hay_block":1,"minecraft:deepslate_brick_slab":9,"minecraft:oak_trapdoor":2,"minecraft:polished_basalt":1,"minecraft:gold_block":21,"minecraft:polished_deepslate":3,"minecraft:bookshelf":109,"minecraft:deepslate_iron_ore":8,"minecraft:shroomlight":15,"minecraft:lantern":9,"minecraft:stripped_acacia_log":33,"minecraft:stone":1849,"minecraft:cherry_stairs":30,"minecraft:scaffolding":154,"minecraft:red_wool":24,"minecraft:snow_block":1,"minecraft:basalt":372,"minecraft:crafting_table":37,"minecraft:rose_bush":25,"minecraft:lectern":462,"minecraft:birch_planks":1,"minecraft:cactus":14,"minecraft:white_wall_banner":7,"minecraft:bee_nest":1,"minecraft:yellow_bed":3,"minecraft:coal_ore":158,"minecraft:cocoa":1,"minecraft:cherry_leaves":33,"minecraft:end_rod":2,"minecraft:cracked_stone_bricks":1,"minecraft:terracotta":9,"minecraft:mossy_stone_bricks":2,"minecraft:birch_fence":16},"minecraft:broken":{"minecraft:iron_axe":3,"minecraft:iron_pickaxe":2,"minecraft:iron_shovel":6,"minecraft:stone_pickaxe":5,"minecraft:stone_axe":3,"minecraft:stone_shovel":12},"minecraft:custom":{"minecraft:interact_with_crafting_table":249,"minecraft:open_barrel":111,"minecraft:bell_ring":2,"minecraft:leave_game":41,"minecraft:time_since_death":4569,"minecraft:damage_blocked_by_shield":1350,"minecraft:play_time":2617644,"minecraft:deaths":68,"minecraft:jump":19980,"minecraft:enchant_item":19,"minecraft:interact_with_furnace":38,"minecraft:play_record":2,"minecraft:traded_with_villager":2896,"minecraft:interact_with_cartography_table":9,"minecraft:sleep_in_bed":81,"minecraft:damage_dealt":95451,"minecraft:interact_with_smoker":59,"minecraft:interact_with_smithing_table":5,"minecraft:interact_with_anvil":51,"minecraft:inspect_hopper":4,"minecraft:sneak_time":106248,"minecraft:interact_with_blast_furnace":30,"minecraft:total_world_time":2617644,"minecraft:interact_with_stonecutter":19,"minecraft:time_since_rest":4626,"minecraft:swim_one_cm":151867,"minecraft:fly_one_cm":5664776,"minecraft:open_chest":1137,"minecraft:fall_one_cm":696531,"minecraft:sprint_one_cm":4372099,"minecraft:drop":378,"minecraft:talked_to_villager":1334,"minecraft:interact_with_brewingstand":2,"minecraft:walk_on_water_one_cm":133978,"minecraft:interact_with_loom":1,"minecraft:player_kills":3,"minecraft:crouch_one_cm":234782,"minecraft:mob_kills":764,"minecraft:fill_cauldron":2,"minecraft:climb_one_cm":338452,"minecraft:walk_one_cm":5628433,"minecraft:walk_under_water_one_cm":63737,"minecraft:boat_one_cm":77744,"minecraft:pot_flower":28,"minecraft:interact_with_grindstone":8,"minecraft:damage_taken":38464,"minecraft:damage_absorbed":140,"minecraft:trigger_trapped_chest":5},"minecraft:crafted":{"minecraft:smooth_stone":16,"minecraft:oak_sign":39,"minecraft:cherry_pressure_plate":8,"minecraft:blaze_powder":44,"minecraft:chain":44,"minecraft:diamond_shovel":1,"minecraft:bookshelf":25,"minecraft:cooked_mutton":39,"minecraft:quartz_block":98,"minecraft:diamond_helmet":1,"minecraft:diamond_leggings":1,"minecraft:mangrove_stairs":8,"minecraft:chiseled_quartz_block":3,"minecraft:emerald":2579,"vtaw_mw:wooden_rod":4,"minecraft:cooked_porkchop":73,"minecraft:diamond_axe":1,"minecraft:smithing_table":1,"minecraft:copper_ingot":147,"vtaw_mw:iron_glaive":1,"minecraft:polished_deepslate_slab":84,"minecraft:cartography_table":1,"minecraft:stone_brick_stairs":2,"minecraft:bamboo_planks":526,"minecraft:lectern":6,"minecraft:golden_leggings":1,"minecraft:iron_pickaxe":4,"minecraft:iron_block":3,"minecraft:gold_ingot":245,"minecraft:netherite_ingot":3,"minecraft:packed_ice":6,"minecraft:golden_carrot":262,"minecraft:stone_shovel":14,"minecraft:smooth_stone_slab":6,"minecraft:iron_nugget":360,"minecraft:crimson_trapdoor":8,"minecraft:experience_bottle":139,"minecraft:crimson_fence_gate":6,"minecraft:yellow_bed":7,"minecraft:bone_meal":9,"minecraft:white_carpet":54,"minecraft:cherry_trapdoor":140,"minecraft:lantern":34,"minecraft:ladder":51,"minecraft:ender_pearl":11,"minecraft:cherry_stairs":104,"minecraft:stone_pickaxe":11,"minecraft:diamond_boots":1,"minecraft:quartz_slab":6,"minecraft:deepslate_tile_wall":1,"minecraft:netherite_pickaxe":1,"minecraft:enchanting_table":1,"minecraft:crimson_slab":6,"minecraft:deepslate_brick_slab":60,"minecraft:red_carpet":54,"minecraft:glowstone":1,"minecraft:enchanted_book":32,"minecraft:jungle_slab":12,"minecraft:oak_fence_gate":3,"minecraft:wooden_axe":1,"minecraft:oak_stairs":12,"minecraft:iron_shovel":10,"minecraft:iron_leggings":1,"minecraft:armor_stand":6,"minecraft:mangrove_slab":12,"minecraft:oak_planks":1176,"minecraft:cobblestone_slab":240,"minecraft:barrel":3,"minecraft:cherry_slab":282,"minecraft:cooked_chicken":9,"vtaw_mw:netherite_katana":1,"minecraft:lightning_rod":1,"minecraft:cobblestone_stairs":4,"minecraft:stone":134,"minecraft:warped_planks":4,"minecraft:bamboo_block":263,"minecraft:mangrove_fence":30,"minecraft:hopper":4,"minecraft:stone_brick_slab":2,"minecraft:bow":3,"minecraft:iron_boots":1,"minecraft:chest":24,"minecraft:copper_block":15,"minecraft:jungle_stairs":24,"minecraft:netherite_upgrade_smithing_template":6,"minecraft:ender_eye":11,"minecraft:oak_fence":12,"minecraft:cherry_fence":120,"minecraft:oak_slab":30,"vtaw_mw:diamond_katana":1,"minecraft:cauldron":1,"minecraft:map":6,"minecraft:crafting_table":11,"minecraft:wooden_pickaxe":1,"minecraft:iron_helmet":1,"minecraft:cherry_button":24,"minecraft:mangrove_trapdoor":30,"minecraft:spectral_arrow":32,"vtaw_mw:stone_katana":1,"minecraft:tnt":5,"minecraft:book":52,"minecraft:iron_chestplate":1,"minecraft:paper":246,"minecraft:diamond_pickaxe":4,"minecraft:shield":1,"minecraft:stick":3573,"minecraft:iron_ingot":292,"minecraft:deepslate_bricks":136,"minecraft:shears":1,"minecraft:cherry_planks":1796,"minecraft:coal":126,"minecraft:furnace":1,"minecraft:stone_button":4,"minecraft:diamond_block":2,"minecraft:oak_trapdoor":2,"minecraft:flint_and_steel":1,"minecraft:leather":9,"minecraft:polished_deepslate":332,"minecraft:iron_axe":3,"minecraft:netherite_scrap":12,"minecraft:cherry_fence_gate":56,"minecraft:cooked_beef":12,"minecraft:red_dye":91,"editenchanting:enchantment_edit_table":1,"minecraft:mangrove_planks":148,"minecraft:bucket":18,"minecraft:stone_axe":9,"minecraft:air":0,"minecraft:jungle_planks":224,"minecraft:gold_nugget":27,"vtaw_mw:iron_katana":1,"minecraft:cherry_door":9,"minecraft:stonecutter":1,"minecraft:anvil":1,"minecraft:torch":264,"minecraft:lapis_lazuli":12,"minecraft:lapis_block":2,"minecraft:diamond_chestplate":1},"minecraft:used":{"minecraft:ladder":33,"minecraft:chest":43,"minecraft:quartz_stairs":25,"minecraft:pink_candle":14,"minecraft:soul_sand":5,"minecraft:jungle_slab":9,"minecraft:orange_wool":61,"minecraft:deepslate_brick_slab":1739,"minecraft:lava_bucket":2,"minecraft:music_disc_pigstep":1,"minecraft:mangrove_stairs":34,"minecraft:red_wool":44,"minecraft:grass_block":604,"minecraft:cherry_leaves":27,"minecraft:cherry_button":27,"minecraft:stone_brick_stairs":53,"minecraft:stripped_mangrove_log":29,"minecraft:bow":407,"minecraft:furnace":1,"minecraft:mangrove_slab":12,"minecraft:egg":1,"minecraft:deepslate_brick_wall":213,"minecraft:damaged_anvil":2,"minecraft:diorite":2,"minecraft:wooden_pickaxe":3,"minecraft:smooth_quartz_stairs":1,"minecraft:golden_apple":4,"minecraft:blast_furnace":2,"minecraft:crimson_fence_gate":4,"minecraft:deepslate_brick_stairs":2,"minecraft:lightning_rod":3,"minecraft:birch_fence":22,"minecraft:cherry_hanging_sign":64,"minecraft:stone_button":4,"minecraft:lectern":474,"minecraft:smithing_table":3,"minecraft:iron_bars":8,"minecraft:enchanting_table":1,"minecraft:acacia_log":34,"minecraft:armor_stand":11,"minecraft:mangrove_fence":8,"minecraft:netherrack":348,"minecraft:torch":390,"minecraft:brewing_stand":1,"minecraft:anvil":2,"minecraft:jungle_trapdoor":2,"minecraft:oak_fence_gate":6,"minecraft:cherry_slab":454,"minecraft:iron_axe":990,"minecraft:cherry_fence_gate":102,"minecraft:barrel":17,"minecraft:bamboo":71,"minecraft:smooth_basalt":1,"minecraft:basalt":102,"minecraft:glowstone":1,"minecraft:goat_horn":9,"minecraft:cobbled_deepslate":85,"minecraft:cherry_fence":240,"minecraft:cherry_log":679,"vtaw_mw:iron_glaive":2,"minecraft:calcite":354,"minecraft:water_bucket":138,"minecraft:chiseled_bookshelf":30,"minecraft:cartography_table":5,"minecraft:cherry_planks":244,"minecraft:cauldron":2,"vtaw_mw:diamond_katana":689,"minecraft:fletching_table":1,"minecraft:deepslate_bricks":445,"minecraft:polished_blackstone_bricks":43,"minecraft:mossy_cobblestone":1,"minecraft:polished_deepslate_slab":354,"minecraft:tnt":17,"minecraft:oak_slab":8,"minecraft:crafting_table":45,"minecraft:crimson_trapdoor":8,"minecraft:white_bed":4,"minecraft:deepslate_tile_wall":1,"minecraft:oak_log":8,"minecraft:diamond_pickaxe":4980,"minecraft:ender_eye":11,"vtaw_mw:netherite_katana":591,"minecraft:diamond_shovel":1257,"minecraft:iron_pickaxe":834,"minecraft:cobblestone":782,"minecraft:crimson_stairs":194,"minecraft:cooked_porkchop":83,"minecraft:black_candle":14,"minecraft:jukebox":2,"vtaw_mw:iron_katana":597,"minecraft:cherry_sapling":80,"vtaw_mw:stone_katana":49,"minecraft:iron_shovel":1545,"minecraft:polished_deepslate":39,"minecraft:oak_sign":32,"minecraft:polished_basalt":1,"minecraft:shield":16,"minecraft:decorated_pot":2,"minecraft:nether_wart":3,"minecraft:iron_chestplate":1,"minecraft:jungle_planks":7,"minecraft:carrot":4,"minecraft:obsidian":9,"minecraft:polished_deepslate_stairs":47,"minecraft:glass":1,"minecraft:lantern":150,"minecraft:iron_helmet":1,"minecraft:stone_bricks":248,"minecraft:red_carpet":89,"minecraft:hay_block":1,"minecraft:scaffolding":408,"minecraft:stripped_acacia_log":1,"minecraft:stone_pickaxe":789,"minecraft:oak_planks":5,"minecraft:ender_pearl":6,"minecraft:sugar_cane":6,"minecraft:diamond_axe":1528,"minecraft:white_wool":59,"minecraft:loom":1,"minecraft:stone_brick_wall":34,"minecraft:end_stone":17,"minecraft:shears":64,"editenchanting:enchantment_edit_table":1,"minecraft:bread":14,"minecraft:jungle_sign":2,"minecraft:grindstone":2,"minecraft:cooked_rabbit":4,"minecraft:chain":48,"minecraft:stripped_cherry_log":132,"minecraft:bone_meal":8,"minecraft:experience_bottle":140,"minecraft:oak_fence":2,"minecraft:flint_and_steel":70,"minecraft:stone_shovel":1829,"minecraft:cooked_chicken":3,"minecraft:dirt":1036,"minecraft:hopper":8,"minecraft:cherry_pressure_plate":9,"alexsmobs:cooked_kangaroo_meat":21,"minecraft:wooden_axe":49,"minecraft:stone_brick_slab":12,"minecraft:bookshelf":37,"minecraft:oak_stairs":16,"minecraft:crimson_slab":138,"minecraft:cherry_trapdoor":384,"minecraft:red_candle":69,"minecraft:iron_boots":1,"minecraft:crimson_planks":110,"minecraft:golden_carrot":104,"minecraft:netherite_pickaxe":1745,"alexsmobs:banana":1,"minecraft:cooked_beef":44,"minecraft:iron_leggings":1,"minecraft:cooked_mutton":39,"minecraft:cobblestone_stairs":7,"minecraft:copper_block":41,"minecraft:stonecutter":3,"minecraft:cobblestone_slab":288,"minecraft:glow_item_frame":24,"minecraft:mangrove_trapdoor":39,"minecraft:music_disc_cat":1,"minecraft:smoker":1,"minecraft:book":2,"minecraft:flower_pot":32,"minecraft:black_wool":16,"minecraft:apple":13,"minecraft:cherry_door":12,"minecraft:cracked_polished_blackstone_bricks":18,"minecraft:map":1,"minecraft:jungle_stairs":64,"minecraft:yellow_wool":47,"minecraft:stone_axe":1099,"minecraft:pink_petals":8,"minecraft:cherry_stairs":308,"minecraft:white_banner":5,"minecraft:bucket":120,"minecraft:yellow_bed":9,"alexsmobs:animal_dictionary":1,"minecraft:gray_wool":18,"minecraft:smooth_stone":494},"minecraft:killed":{"minecraft:cave_spider":1,"minecraft:shulker":3,"minecraft:skeleton":256,"minecraft:chicken":12,"alexsmobs:straddler":5,"creeperoverhaul:cave_creeper":1,"minecraft:magma_cube":34,"minecraft:iron_golem":7,"minecraft:ender_dragon":1,"minecraft:pillager":64,"minecraft:goat":1,"minecraft:donkey":1,"minecraft:zombie":56,"minecraft:cow":20,"minecraft:evoker":2,"creeperoverhaul:badlands_creeper":1,"alexsmobs:raccoon":2,"minecraft:vindicator":9,"minecraft:horse":10,"minecraft:rabbit":5,"endermanoverhaul:warped_forest_enderman":3,"alexsmobs:catfish":1,"alexsmobs:elephant":3,"minecraft:enderman":7,"minecraft:witch":1,"minecraft:spider":14,"minecraft:bee":2,"minecraft:silverfish":1,"alexsmobs:hammerhead_shark":1,"minecraft:piglin_brute":16,"alexsmobs:kangaroo":16,"minecraft:piglin":21,"minecraft:pig":44,"alexsmobs:stradpole":1,"minecraft:creeper":7,"alexsmobs:crimson_mosquito":2,"alexsmobs:warped_toad":1,"minecraft:sheep":27,"minecraft:trader_llama":1,"alexsmobs:fly":4,"minecraft:blaze":11,"alexsmobs:mimicube":5,"minecraft:vex":2,"alexsmobs:tarantula_hawk":3,"alexsmobs:rattlesnake":1,"alexsmobs:bison":1,"minecraft:drowned":1,"endermanoverhaul:end_enderman":10,"alexsmobs:cockroach":1,"minecraft:wither_skeleton":5,"minecraft:villager":21},"minecraft:picked_up":{"minecraft:wooden_axe":1,"minecraft:flower_pot":1,"minecraft:smithing_table":1,"minecraft:lead":2,"minecraft:oak_stairs":7,"minecraft:polished_deepslate":3,"minecraft:music_disc_cat":1,"minecraft:string":69,"minecraft:red_nether_bricks":2,"minecraft:shroomlight":11,"minecraft:gold_nugget":256,"minecraft:cobbled_deepslate":1368,"minecraft:coal_block":14,"minecraft:acacia_log":34,"minecraft:sandstone_wall":2,"minecraft:lightning_rod":2,"minecraft:cherry_log":1065,"minecraft:polished_basalt":1,"minecraft:end_rod":2,"minecraft:blaze_rod":22,"minecraft:iron_bars":14,"minecraft:snowball":4,"minecraft:birch_log":38,"minecraft:magma_block":57,"minecraft:feather":4,"minecraft:cooked_beef":32,"minecraft:iron_door":1,"minecraft:cherry_leaves":28,"minecraft:birch_slab":1,"minecraft:jungle_log":57,"minecraft:copper_block":26,"minecraft:smoker":1,"alexsmobs:bison_fur":2,"minecraft:flint":50,"minecraft:cherry_fence":9,"alexsmobs:cooked_kangaroo_meat":25,"minecraft:cherry_door":3,"minecraft:lantern":12,"endermanoverhaul:enderman_tooth":10,"minecraft:glowstone_dust":67,"minecraft:warped_wart_block":262,"minecraft:ink_sac":3,"minecraft:loom":1,"minecraft:barrel":2,"minecraft:stripped_acacia_log":33,"alexsmobs:kangaroo_hide":19,"minecraft:blue_terracotta":4,"minecraft:cherry_hanging_sign":4,"minecraft:granite":21,"alexsmobs:tarantula_hawk_wing_fragment":5,"minecraft:bread":41,"alexsmobs:maggot":2,"minecraft:cherry_slab":13,"minecraft:dark_oak_fence":8,"minecraft:diamond_pickaxe":1,"minecraft:crafting_table":39,"minecraft:clay_ball":76,"minecraft:stripped_cherry_log":32,"minecraft:purpur_block":8,"minecraft:stripped_mangrove_log":2,"minecraft:cornflower":13,"alexsmobs:pigshoes":1,"minecraft:white_carpet":2,"minecraft:cracked_stone_bricks":1,"minecraft:cartography_table":5,"minecraft:beef":12,"minecraft:jungle_sapling":7,"minecraft:poppy":99,"minecraft:quartz_stairs":9,"minecraft:chest":7,"minecraft:birch_sapling":7,"minecraft:cherry_button":11,"minecraft:egg":1,"minecraft:sandstone":63,"minecraft:polished_deepslate_slab":22,"minecraft:glow_item_frame":2,"minecraft:redstone":366,"vtaw_mw:iron_katana":1,"minecraft:mangrove_trapdoor":1,"minecraft:jungle_sign":1,"minecraft:tnt":12,"minecraft:deepslate_bricks":4,"minecraft:hay_block":1,"minecraft:yellow_terracotta":2,"minecraft:gold_ingot":2,"minecraft:totem_of_undying":3,"minecraft:mutton":39,"minecraft:white_wool":42,"minecraft:crimson_slab":5,"minecraft:oxeye_daisy":11,"minecraft:smooth_red_sandstone":3,"minecraft:oak_log":365,"minecraft:ancient_debris":8,"minecraft:golden_boots":2,"minecraft:white_banner":6,"minecraft:stone_bricks":3,"minecraft:apple":17,"minecraft:warped_stem":96,"minecraft:oak_fence_gate":3,"endermanoverhaul:warped_pearl":2,"minecraft:iron_sword":1,"minecraft:smooth_basalt":1,"minecraft:red_wool":24,"minecraft:gravel":360,"minecraft:crimson_stairs":4,"minecraft:crying_obsidian":1,"minecraft:gray_wool":1,"minecraft:warped_roots":5,"minecraft:baked_potato":1,"vtaw_mw:netherite_katana":1,"minecraft:hopper":3,"minecraft:ender_pearl":29,"minecraft:shulker_shell":3,"minecraft:music_disc_strad":1,"minecraft:yellow_wool":27,"minecraft:nether_brick":5,"minecraft:crimson_planks":2,"minecraft:raw_copper":201,"minecraft:cherry_pressure_plate":1,"minecraft:armor_stand":1,"minecraft:oak_sign":16,"alexsmobs:blood_sac":2,"alexsmobs:banana":1,"minecraft:smooth_stone":4,"minecraft:rose_bush":22,"minecraft:cobblestone_slab":45,"minecraft:calcite":6,"minecraft:deepslate_tile_wall":1,"minecraft:smooth_quartz_stairs":1,"minecraft:stick":518,"minecraft:deepslate_brick_wall":10,"minecraft:polished_deepslate_stairs":12,"minecraft:brown_terracotta":9,"minecraft:oak_fence":1,"minecraft:torch":159,"minecraft:porkchop":73,"minecraft:diorite":31,"minecraft:music_disc_pigstep":1,"minecraft:goat_horn":1,"minecraft:cactus":36,"minecraft:mangrove_stairs":6,"minecraft:rotten_flesh":55,"minecraft:red_sandstone_slab":1,"endermanoverhaul:bubble_pearl":1,"minecraft:obsidian":21,"alexsmobs:mungal_spores":4,"minecraft:cobblestone":2029,"minecraft:pink_petals":3,"minecraft:magma_cream":3,"minecraft:cherry_planks":10,"minecraft:andesite":43,"endermanoverhaul:corrupted_pearl":21,"minecraft:golden_leggings":1,"minecraft:potato":2,"minecraft:tuff":198,"minecraft:wither_skeleton_skull":1,"minecraft:lapis_lazuli":101,"minecraft:dirt":3903,"minecraft:mangrove_fence":1,"minecraft:bone":119,"minecraft:bow":5,"minecraft:wheat_seeds":109,"minecraft:deepslate_brick_slab":13,"minecraft:grindstone":1,"minecraft:mossy_stone_bricks":2,"minecraft:bamboo":2371,"minecraft:oak_planks":181,"minecraft:cooked_porkchop":23,"minecraft:sand":120,"minecraft:jungle_planks":5,"minecraft:spectral_arrow":17,"minecraft:mossy_cobblestone":112,"alexsmobs:mimicream":3,"minecraft:diamond":50,"minecraft:cracked_polished_blackstone_bricks":61,"minecraft:crossbow":20,"minecraft:bone_meal":3,"minecraft:emerald":18,"minecraft:chiseled_red_sandstone":2,"minecraft:oak_sapling":150,"minecraft:netherrack":2409,"minecraft:chorus_fruit":35,"minecraft:end_stone_bricks":1,"minecraft:cocoa_beans":10,"minecraft:azure_bluet":2,"minecraft:chicken":11,"minecraft:ladder":1,"minecraft:wooden_pickaxe":1,"minecraft:cooked_rabbit":7,"minecraft:gold_block":20,"minecraft:chain":3,"minecraft:oak_trapdoor":1,"minecraft:moss_carpet":2,"minecraft:iron_axe":2,"minecraft:birch_fence":16,"minecraft:blackstone":64,"minecraft:lectern":462,"minecraft:sugar_cane":257,"minecraft:cherry_trapdoor":62,"minecraft:raw_iron":41,"minecraft:end_stone":28,"minecraft:cherry_stairs":30,"minecraft:polished_blackstone_bricks":141,"minecraft:stone_pressure_plate":1,"minecraft:dark_oak_planks":7,"minecraft:cherry_fence_gate":2,"minecraft:arrow":136,"minecraft:jungle_stairs":15,"minecraft:nether_bricks":9,"minecraft:basalt":324,"minecraft:crimson_stem":1,"minecraft:cut_sandstone":5,"minecraft:leather":28,"minecraft:birch_planks":1,"minecraft:gunpowder":8,"minecraft:yellow_bed":2,"minecraft:cobblestone_wall":1,"minecraft:cobblestone_stairs":5,"minecraft:orange_terracotta":1,"minecraft:cooked_mutton":7,"minecraft:smooth_sandstone":8,"minecraft:red_carpet":24,"minecraft:red_sandstone":66,"minecraft:rabbit_hide":3,"minecraft:iron_ingot":41,"minecraft:cooked_chicken":1,"minecraft:acacia_sapling":9,"minecraft:book":349,"minecraft:scaffolding":368,"minecraft:oak_slab":4,"minecraft:black_candle":1,"minecraft:warped_fungus":4,"minecraft:pumpkin":8,"minecraft:quartz":420,"minecraft:dandelion":30,"minecraft:white_bed":3,"minecraft:spider_eye":9,"alexsmobs:raw_catfish":2,"vtaw_mw:diamond_katana":1,"minecraft:cherry_sapling":649,"minecraft:terracotta":9,"minecraft:damaged_anvil":2,"minecraft:coal":270}},"DataVersion":3465}