{"stats":{"minecraft:custom":{"minecraft:interact_with_crafting_table":220,"minecraft:open_barrel":53,"minecraft:bell_ring":2,"minecraft:leave_game":32,"minecraft:time_since_death":35799,"minecraft:play_time":2010538,"minecraft:deaths":55,"minecraft:jump":15574,"minecraft:enchant_item":14,"minecraft:interact_with_furnace":36,"minecraft:play_record":1,"minecraft:traded_with_villager":1503,"minecraft:interact_with_cartography_table":4,"minecraft:sleep_in_bed":71,"minecraft:damage_dealt":64029,"minecraft:interact_with_smoker":59,"minecraft:interact_with_smithing_table":4,"minecraft:interact_with_anvil":22,"minecraft:inspect_hopper":3,"minecraft:sneak_time":97734,"minecraft:interact_with_blast_furnace":30,"minecraft:total_world_time":2010538,"minecraft:interact_with_stonecutter":19,"minecraft:time_since_rest":18137,"minecraft:swim_one_cm":72605,"minecraft:fly_one_cm":3806768,"minecraft:open_chest":905,"minecraft:fall_one_cm":538708,"minecraft:sprint_one_cm":3336376,"minecraft:drop":266,"minecraft:talked_to_villager":580,"minecraft:interact_with_brewingstand":2,"minecraft:walk_on_water_one_cm":110974,"minecraft:interact_with_loom":1,"minecraft:player_kills":2,"minecraft:crouch_one_cm":222106,"minecraft:mob_kills":523,"minecraft:fill_cauldron":2,"minecraft:climb_one_cm":303752,"minecraft:walk_one_cm":4567943,"minecraft:walk_under_water_one_cm":25731,"minecraft:pot_flower":28,"minecraft:interact_with_grindstone":7,"minecraft:damage_taken":29239,"minecraft:damage_absorbed":40,"minecraft:trigger_trapped_chest":5},"minecraft:killed":{"minecraft:cave_spider":1,"minecraft:skeleton":219,"minecraft:chicken":12,"alexsmobs:straddler":5,"minecraft:magma_cube":17,"minecraft:iron_golem":7,"minecraft:pillager":6,"minecraft:goat":1,"minecraft:donkey":1,"minecraft:zombie":29,"minecraft:cow":20,"creeperoverhaul:badlands_creeper":1,"alexsmobs:raccoon":2,"minecraft:horse":10,"minecraft:rabbit":4,"endermanoverhaul:warped_forest_enderman":3,"alexsmobs:catfish":1,"minecraft:spider":9,"minecraft:piglin_brute":16,"alexsmobs:kangaroo":16,"minecraft:piglin":21,"minecraft:pig":42,"alexsmobs:stradpole":1,"minecraft:creeper":5,"alexsmobs:crimson_mosquito":1,"alexsmobs:warped_toad":1,"minecraft:sheep":25,"minecraft:trader_llama":1,"alexsmobs:fly":4,"alexsmobs:rattlesnake":1,"alexsmobs:bison":1,"alexsmobs:cockroach":1,"minecraft:villager":14},"minecraft:crafted":{"minecraft:smooth_stone":16,"minecraft:oak_sign":30,"minecraft:cherry_pressure_plate":8,"minecraft:chain":44,"minecraft:diamond_shovel":1,"minecraft:bookshelf":18,"minecraft:cooked_mutton":39,"minecraft:quartz_block":98,"minecraft:diamond_helmet":1,"minecraft:diamond_leggings":1,"minecraft:mangrove_stairs":8,"minecraft:emerald":1382,"vtaw_mw:wooden_rod":4,"minecraft:cooked_porkchop":73,"minecraft:diamond_axe":1,"minecraft:smithing_table":1,"minecraft:copper_ingot":147,"vtaw_mw:iron_glaive":1,"minecraft:polished_deepslate_slab":84,"minecraft:cartography_table":1,"minecraft:stone_brick_stairs":2,"minecraft:bamboo_planks":526,"minecraft:golden_leggings":1,"minecraft:iron_pickaxe":4,"minecraft:iron_block":3,"minecraft:gold_ingot":245,"minecraft:netherite_ingot":3,"minecraft:packed_ice":6,"minecraft:golden_carrot":154,"minecraft:stone_shovel":14,"minecraft:smooth_stone_slab":6,"minecraft:iron_nugget":360,"minecraft:crimson_trapdoor":8,"minecraft:experience_bottle":24,"minecraft:crimson_fence_gate":6,"minecraft:yellow_bed":7,"minecraft:bone_meal":9,"minecraft:white_carpet":54,"minecraft:cherry_trapdoor":140,"minecraft:lantern":34,"minecraft:ladder":51,"minecraft:cherry_stairs":104,"minecraft:stone_pickaxe":11,"minecraft:diamond_boots":1,"minecraft:deepslate_tile_wall":1,"minecraft:netherite_pickaxe":1,"minecraft:enchanting_table":1,"minecraft:crimson_slab":6,"minecraft:deepslate_brick_slab":60,"minecraft:red_carpet":54,"minecraft:glowstone":1,"minecraft:enchanted_book":12,"minecraft:jungle_slab":12,"minecraft:oak_fence_gate":3,"minecraft:wooden_axe":1,"minecraft:iron_shovel":5,"minecraft:iron_leggings":1,"minecraft:armor_stand":6,"minecraft:mangrove_slab":12,"minecraft:oak_planks":1164,"minecraft:cobblestone_slab":240,"minecraft:barrel":3,"minecraft:cherry_slab":282,"minecraft:cooked_chicken":9,"vtaw_mw:netherite_katana":1,"minecraft:lightning_rod":1,"minecraft:stone":134,"minecraft:warped_planks":4,"minecraft:bamboo_block":263,"minecraft:hopper":4,"minecraft:mangrove_fence":30,"minecraft:stone_brick_slab":2,"minecraft:bow":1,"minecraft:iron_boots":1,"minecraft:chest":24,"minecraft:copper_block":15,"minecraft:jungle_stairs":24,"minecraft:oak_fence":12,"minecraft:cherry_fence":120,"vtaw_mw:diamond_katana":1,"minecraft:cauldron":1,"minecraft:map":6,"minecraft:crafting_table":11,"minecraft:wooden_pickaxe":1,"minecraft:iron_helmet":1,"minecraft:cherry_button":24,"minecraft:mangrove_trapdoor":30,"vtaw_mw:stone_katana":1,"minecraft:tnt":5,"minecraft:book":45,"minecraft:iron_chestplate":1,"minecraft:paper":213,"minecraft:diamond_pickaxe":4,"minecraft:stick":3573,"minecraft:iron_ingot":31,"minecraft:deepslate_bricks":136,"minecraft:shears":1,"minecraft:cherry_planks":1796,"minecraft:coal":126,"minecraft:furnace":1,"minecraft:stone_button":4,"minecraft:flint_and_steel":1,"minecraft:leather":9,"minecraft:polished_deepslate":332,"minecraft:iron_axe":3,"minecraft:netherite_scrap":12,"minecraft:cherry_fence_gate":56,"minecraft:cooked_beef":12,"minecraft:red_dye":91,"minecraft:mangrove_planks":148,"minecraft:bucket":18,"minecraft:stone_axe":9,"minecraft:air":0,"minecraft:jungle_planks":224,"minecraft:gold_nugget":27,"vtaw_mw:iron_katana":1,"minecraft:cherry_door":9,"minecraft:stonecutter":1,"minecraft:anvil":1,"minecraft:torch":240,"minecraft:lapis_lazuli":12,"minecraft:diamond_chestplate":1},"minecraft:picked_up":{"minecraft:wooden_axe":1,"minecraft:flower_pot":1,"minecraft:smithing_table":1,"minecraft:lead":2,"minecraft:music_disc_cat":1,"minecraft:polished_deepslate":3,"minecraft:string":56,"minecraft:shroomlight":11,"minecraft:gold_nugget":256,"minecraft:cobbled_deepslate":655,"minecraft:coal_block":14,"minecraft:acacia_log":34,"minecraft:lightning_rod":2,"minecraft:cherry_log":1065,"minecraft:polished_basalt":1,"minecraft:snowball":4,"minecraft:birch_log":38,"minecraft:magma_block":47,"minecraft:feather":4,"minecraft:cooked_beef":32,"minecraft:cherry_leaves":28,"minecraft:jungle_log":57,"minecraft:copper_block":26,"minecraft:smoker":1,"alexsmobs:bison_fur":2,"minecraft:flint":49,"minecraft:cherry_fence":6,"alexsmobs:cooked_kangaroo_meat":25,"minecraft:cherry_door":3,"minecraft:lantern":12,"minecraft:glowstone_dust":67,"minecraft:warped_wart_block":262,"minecraft:loom":1,"minecraft:barrel":2,"minecraft:stripped_acacia_log":33,"alexsmobs:kangaroo_hide":19,"minecraft:blue_terracotta":3,"minecraft:cherry_hanging_sign":4,"minecraft:granite":11,"minecraft:bread":41,"alexsmobs:maggot":2,"minecraft:cherry_slab":13,"minecraft:dark_oak_fence":4,"minecraft:diamond_pickaxe":1,"minecraft:crafting_table":36,"minecraft:stripped_cherry_log":32,"minecraft:stripped_mangrove_log":2,"minecraft:cornflower":13,"alexsmobs:pigshoes":1,"minecraft:cartography_table":3,"minecraft:beef":12,"minecraft:jungle_sapling":7,"minecraft:poppy":99,"minecraft:quartz_stairs":9,"minecraft:chest":7,"minecraft:birch_sapling":7,"minecraft:cherry_button":11,"minecraft:egg":1,"minecraft:polished_deepslate_slab":22,"minecraft:glow_item_frame":2,"minecraft:redstone":174,"vtaw_mw:iron_katana":1,"minecraft:mangrove_trapdoor":1,"minecraft:jungle_sign":1,"minecraft:tnt":12,"minecraft:deepslate_bricks":4,"minecraft:hay_block":1,"minecraft:yellow_terracotta":2,"minecraft:gold_ingot":2,"minecraft:mutton":39,"minecraft:white_wool":40,"minecraft:crimson_slab":5,"minecraft:oxeye_daisy":11,"minecraft:smooth_red_sandstone":3,"minecraft:oak_log":354,"minecraft:ancient_debris":8,"minecraft:golden_boots":2,"minecraft:apple":17,"minecraft:warped_stem":96,"endermanoverhaul:warped_pearl":2,"minecraft:iron_sword":1,"minecraft:smooth_basalt":1,"minecraft:red_wool":24,"minecraft:gravel":343,"minecraft:crimson_stairs":4,"minecraft:crying_obsidian":1,"minecraft:gray_wool":1,"minecraft:warped_roots":5,"minecraft:hopper":3,"minecraft:ender_pearl":1,"minecraft:yellow_wool":27,"minecraft:nether_brick":5,"minecraft:crimson_planks":2,"minecraft:raw_copper":201,"minecraft:cherry_pressure_plate":1,"minecraft:armor_stand":1,"minecraft:oak_sign":16,"alexsmobs:blood_sac":1,"alexsmobs:banana":1,"minecraft:smooth_stone":4,"minecraft:rose_bush":22,"minecraft:cobblestone_slab":42,"minecraft:calcite":6,"minecraft:deepslate_tile_wall":1,"minecraft:smooth_quartz_stairs":1,"minecraft:stick":507,"minecraft:polished_deepslate_stairs":12,"minecraft:deepslate_brick_wall":10,"minecraft:brown_terracotta":9,"minecraft:oak_fence":1,"minecraft:torch":148,"minecraft:porkchop":73,"minecraft:diorite":22,"minecraft:rotten_flesh":31,"minecraft:cactus":18,"minecraft:mangrove_stairs":6,"minecraft:red_sandstone_slab":1,"minecraft:obsidian":15,"alexsmobs:mungal_spores":2,"minecraft:cobblestone":1876,"minecraft:pink_petals":3,"minecraft:cherry_planks":10,"minecraft:andesite":28,"minecraft:golden_leggings":1,"minecraft:potato":2,"minecraft:tuff":83,"minecraft:dirt":3801,"minecraft:mangrove_fence":1,"minecraft:bone":91,"minecraft:bow":5,"minecraft:wheat_seeds":107,"minecraft:deepslate_brick_slab":13,"minecraft:grindstone":1,"minecraft:bamboo":2157,"minecraft:oak_planks":174,"minecraft:cooked_porkchop":16,"minecraft:jungle_planks":5,"minecraft:sand":120,"minecraft:spectral_arrow":17,"minecraft:mossy_cobblestone":112,"minecraft:diamond":33,"minecraft:cracked_polished_blackstone_bricks":61,"minecraft:bone_meal":3,"minecraft:chiseled_red_sandstone":2,"minecraft:oak_sapling":150,"minecraft:netherrack":2336,"minecraft:cocoa_beans":10,"minecraft:azure_bluet":2,"minecraft:chicken":11,"minecraft:ladder":1,"minecraft:wooden_pickaxe":1,"minecraft:cooked_rabbit":4,"minecraft:gold_block":20,"minecraft:chain":3,"minecraft:moss_carpet":2,"minecraft:iron_axe":1,"minecraft:birch_fence":1,"minecraft:blackstone":64,"minecraft:lectern":52,"minecraft:sugar_cane":225,"minecraft:cherry_trapdoor":62,"minecraft:raw_iron":39,"minecraft:cherry_stairs":30,"minecraft:polished_blackstone_bricks":141,"minecraft:stone_pressure_plate":1,"minecraft:cherry_fence_gate":2,"minecraft:arrow":120,"minecraft:jungle_stairs":14,"minecraft:basalt":316,"minecraft:leather":28,"minecraft:yellow_bed":2,"minecraft:gunpowder":5,"minecraft:red_carpet":19,"minecraft:red_sandstone":66,"minecraft:rabbit_hide":2,"minecraft:iron_ingot":38,"minecraft:cooked_chicken":1,"minecraft:acacia_sapling":9,"minecraft:book":30,"minecraft:scaffolding":368,"minecraft:warped_fungus":4,"minecraft:black_candle":1,"minecraft:pumpkin":8,"minecraft:quartz":420,"minecraft:dandelion":30,"minecraft:white_bed":3,"minecraft:spider_eye":2,"vtaw_mw:diamond_katana":1,"minecraft:cherry_sapling":649,"minecraft:terracotta":9,"minecraft:coal":165},"minecraft:used":{"minecraft:ladder":33,"minecraft:chest":43,"minecraft:quartz_stairs":25,"minecraft:pink_candle":14,"minecraft:soul_sand":5,"minecraft:jungle_slab":9,"minecraft:orange_wool":61,"minecraft:deepslate_brick_slab":1739,"minecraft:lava_bucket":2,"minecraft:mangrove_stairs":34,"minecraft:red_wool":44,"minecraft:grass_block":604,"minecraft:cherry_button":27,"minecraft:cherry_leaves":27,"minecraft:stone_brick_stairs":53,"minecraft:stripped_mangrove_log":29,"minecraft:bow":92,"minecraft:furnace":1,"minecraft:mangrove_slab":12,"minecraft:egg":1,"minecraft:deepslate_brick_wall":213,"minecraft:wooden_pickaxe":3,"minecraft:smooth_quartz_stairs":1,"minecraft:golden_apple":1,"minecraft:blast_furnace":2,"minecraft:crimson_fence_gate":4,"minecraft:deepslate_brick_stairs":2,"minecraft:lightning_rod":3,"minecraft:birch_fence":2,"minecraft:cherry_hanging_sign":64,"minecraft:stone_button":4,"minecraft:lectern":59,"minecraft:smithing_table":3,"minecraft:enchanting_table":1,"minecraft:iron_bars":8,"minecraft:acacia_log":34,"minecraft:armor_stand":11,"minecraft:mangrove_fence":8,"minecraft:netherrack":316,"minecraft:torch":362,"minecraft:brewing_stand":1,"minecraft:anvil":2,"minecraft:jungle_trapdoor":2,"minecraft:oak_fence_gate":3,"minecraft:iron_axe":990,"minecraft:cherry_slab":454,"minecraft:cherry_fence_gate":102,"minecraft:barrel":17,"minecraft:smooth_basalt":1,"minecraft:bamboo":71,"minecraft:basalt":102,"minecraft:glowstone":1,"minecraft:cobbled_deepslate":47,"minecraft:cherry_fence":237,"minecraft:cherry_log":679,"vtaw_mw:iron_glaive":2,"minecraft:calcite":354,"minecraft:chiseled_bookshelf":30,"minecraft:water_bucket":109,"minecraft:cartography_table":4,"minecraft:cherry_planks":244,"minecraft:cauldron":2,"vtaw_mw:diamond_katana":689,"minecraft:fletching_table":1,"minecraft:deepslate_bricks":445,"minecraft:polished_blackstone_bricks":43,"minecraft:polished_deepslate_slab":354,"minecraft:mossy_cobblestone":1,"minecraft:tnt":17,"minecraft:crafting_table":42,"minecraft:crimson_trapdoor":8,"minecraft:white_bed":4,"minecraft:deepslate_tile_wall":1,"minecraft:diamond_pickaxe":4980,"vtaw_mw:netherite_katana":89,"minecraft:diamond_shovel":1149,"minecraft:iron_pickaxe":834,"minecraft:cobblestone":761,"minecraft:crimson_stairs":194,"minecraft:cooked_porkchop":83,"minecraft:black_candle":14,"minecraft:jukebox":2,"minecraft:cherry_sapling":80,"vtaw_mw:iron_katana":597,"vtaw_mw:stone_katana":49,"minecraft:iron_shovel":1545,"minecraft:polished_deepslate":39,"minecraft:oak_sign":24,"minecraft:polished_basalt":1,"minecraft:decorated_pot":2,"minecraft:nether_wart":3,"minecraft:iron_chestplate":1,"minecraft:jungle_planks":7,"minecraft:carrot":4,"minecraft:obsidian":9,"minecraft:polished_deepslate_stairs":47,"minecraft:glass":1,"minecraft:lantern":150,"minecraft:iron_helmet":1,"minecraft:stone_bricks":248,"minecraft:red_carpet":89,"minecraft:hay_block":1,"minecraft:scaffolding":408,"minecraft:stripped_acacia_log":1,"minecraft:stone_pickaxe":789,"minecraft:oak_planks":5,"minecraft:sugar_cane":6,"minecraft:diamond_axe":906,"minecraft:white_wool":59,"minecraft:loom":1,"minecraft:stone_brick_wall":34,"minecraft:shears":64,"minecraft:bread":14,"minecraft:jungle_sign":2,"minecraft:grindstone":2,"minecraft:cooked_rabbit":4,"minecraft:chain":48,"minecraft:stripped_cherry_log":132,"minecraft:bone_meal":8,"minecraft:experience_bottle":24,"minecraft:oak_fence":2,"minecraft:flint_and_steel":70,"minecraft:stone_shovel":1829,"minecraft:cooked_chicken":3,"minecraft:dirt":971,"minecraft:hopper":8,"minecraft:cherry_pressure_plate":9,"alexsmobs:cooked_kangaroo_meat":21,"minecraft:stone_brick_slab":12,"minecraft:wooden_axe":49,"minecraft:bookshelf":37,"minecraft:crimson_slab":138,"minecraft:cherry_trapdoor":384,"minecraft:red_candle":69,"minecraft:iron_boots":1,"minecraft:crimson_planks":110,"minecraft:golden_carrot":21,"minecraft:netherite_pickaxe":4,"alexsmobs:banana":1,"minecraft:cooked_beef":44,"minecraft:iron_leggings":1,"minecraft:cooked_mutton":39,"minecraft:copper_block":41,"minecraft:stonecutter":3,"minecraft:cobblestone_slab":285,"minecraft:glow_item_frame":24,"minecraft:mangrove_trapdoor":39,"minecraft:music_disc_cat":1,"minecraft:smoker":1,"minecraft:book":2,"minecraft:flower_pot":32,"minecraft:black_wool":16,"minecraft:apple":13,"minecraft:cherry_door":12,"minecraft:cracked_polished_blackstone_bricks":18,"minecraft:map":1,"minecraft:jungle_stairs":63,"minecraft:yellow_wool":47,"minecraft:stone_axe":1099,"minecraft:pink_petals":8,"minecraft:cherry_stairs":308,"minecraft:bucket":92,"minecraft:yellow_bed":9,"alexsmobs:animal_dictionary":1,"minecraft:gray_wool":18,"minecraft:smooth_stone":494},"minecraft:broken":{"minecraft:iron_axe":3,"minecraft:iron_pickaxe":2,"minecraft:iron_shovel":6,"minecraft:stone_pickaxe":5,"minecraft:stone_axe":3,"minecraft:stone_shovel":12},"minecraft:killed_by":{"minecraft:piglin_brute":6,"alexsmobs:straddler":1,"minecraft:zombie":4,"minecraft:creeper":2,"alexsmobs:crocodile":1,"minecraft:spider":1,"minecraft:iron_golem":12,"minecraft:skeleton":1},"minecraft:dropped":{"minecraft:cooked_beef":1,"minecraft:red_sandstone":27,"minecraft:cherry_hanging_sign":2,"minecraft:dirt":753,"minecraft:dark_oak_fence":4,"minecraft:cherry_button":8,"minecraft:gold_nugget":6,"minecraft:bone_meal":12,"minecraft:bone":7,"minecraft:stone_axe":4,"minecraft:sugar_cane":2,"minecraft:cobbled_deepslate":1,"minecraft:rotten_flesh":55,"minecraft:oak_planks":29,"minecraft:glowstone_dust":3,"minecraft:ladder":5,"vtaw_mw:iron_katana":2,"minecraft:iron_ingot":17,"minecraft:wheat_seeds":68,"minecraft:oak_fence":11,"minecraft:feather":1,"minecraft:cobblestone":613,"minecraft:granite":6,"minecraft:coal":2,"minecraft:oxeye_daisy":10,"minecraft:gray_wool":1,"minecraft:wooden_axe":1,"minecraft:moss_carpet":2,"minecraft:chiseled_red_sandstone":2,"minecraft:red_sandstone_slab":1,"minecraft:oak_sign":20,"alexsmobs:cooked_kangaroo_meat":2,"minecraft:cobblestone_slab":8,"minecraft:potato":1,"minecraft:diamond_pickaxe":1,"minecraft:spider_eye":1,"minecraft:bamboo":10,"minecraft:bow":5,"minecraft:terracotta":1,"minecraft:oak_log":1,"minecraft:deepslate_tile_wall":1,"minecraft:leather":3,"alexsmobs:bison_fur":2,"minecraft:cherry_trapdoor":3,"minecraft:cornflower":10,"minecraft:snowball":4,"minecraft:gold_ingot":6,"minecraft:gravel":188,"minecraft:blackstone":20,"minecraft:cherry_sapling":71,"minecraft:poppy":5,"minecraft:rabbit_hide":2,"minecraft:basalt":26,"minecraft:arrow":14,"minecraft:quartz":1,"minecraft:netherrack":1349,"minecraft:mossy_cobblestone":111,"vtaw_mw:diamond_katana":1,"minecraft:copper_ingot":12,"minecraft:grass_block":1,"minecraft:stick":15,"minecraft:torch":2,"minecraft:iron_axe":1,"minecraft:pink_petals":4,"minecraft:dandelion":16,"minecraft:redstone":42,"minecraft:polished_deepslate":1,"minecraft:blue_terracotta":2,"alexsmobs:maggot":2,"minecraft:raw_copper":19,"minecraft:deepslate_bricks":1,"minecraft:filled_map":1,"minecraft:andesite":1,"minecraft:golden_leggings":1,"minecraft:oak_sapling":42,"vtaw_mw:iron_glaive":1,"minecraft:wooden_pickaxe":1},"minecraft:mined":{"minecraft:white_bed":3,"minecraft:cherry_log":1080,"minecraft:chiseled_red_sandstone":2,"minecraft:obsidian":15,"minecraft:granite":11,"minecraft:acacia_log":39,"minecraft:deepslate_tile_wall":1,"minecraft:jungle_log":57,"minecraft:deepslate_bricks":4,"minecraft:coal_block":14,"minecraft:hopper":3,"minecraft:oak_wall_sign":7,"minecraft:oxeye_daisy":10,"minecraft:spawner":2,"minecraft:polished_blackstone_bricks":147,"minecraft:tall_seagrass":1,"minecraft:magma_block":51,"minecraft:cobbled_deepslate":2,"minecraft:fire":118,"minecraft:barrel":2,"minecraft:pumpkin":8,"minecraft:smooth_red_sandstone":3,"minecraft:polished_deepslate_slab":16,"minecraft:oak_sign":1,"minecraft:dirt_path":55,"minecraft:deepslate_brick_wall":10,"minecraft:smoker":1,"minecraft:torch":84,"minecraft:dead_bush":1,"minecraft:sugar_cane":123,"minecraft:crimson_stairs":4,"minecraft:cherry_slab":10,"minecraft:chain":3,"minecraft:cherry_fence":6,"minecraft:copper_block":26,"minecraft:grass":562,"minecraft:cherry_button":11,"minecraft:loom":1,"minecraft:smooth_basalt":1,"minecraft:deepslate":673,"minecraft:yellow_terracotta":2,"minecraft:mossy_cobblestone":38,"minecraft:cherry_sapling":10,"minecraft:dark_oak_fence":4,"minecraft:jungle_planks":5,"minecraft:cartography_table":3,"minecraft:red_sandstone":66,"minecraft:andesite":34,"minecraft:cobblestone_slab":30,"minecraft:vine":11,"minecraft:warped_stem":119,"minecraft:smooth_quartz_stairs":1,"minecraft:bamboo":180,"minecraft:cherry_fence_gate":2,"minecraft:smithing_table":1,"minecraft:mangrove_stairs":8,"minecraft:red_sandstone_slab":1,"minecraft:cherry_planks":10,"minecraft:soul_sand":1,"minecraft:dandelion":12,"minecraft:cornflower":7,"minecraft:warped_roots":5,"minecraft:crimson_slab":5,"minecraft:lightning_rod":2,"minecraft:tall_grass":62,"minecraft:copper_ore":34,"minecraft:diorite":22,"minecraft:warped_wart_block":326,"minecraft:cherry_wall_hanging_sign":2,"minecraft:birch_leaves":3,"minecraft:gravel":379,"minecraft:cobweb":48,"minecraft:brown_terracotta":9,"minecraft:fern":7,"minecraft:cherry_pressure_plate":1,"minecraft:stone_pressure_plate":1,"minecraft:cherry_trapdoor":62,"minecraft:grass_block":1527,"minecraft:mangrove_fence":1,"minecraft:cracked_polished_blackstone_bricks":66,"minecraft:gilded_blackstone":1,"minecraft:smooth_stone":4,"minecraft:glowstone":20,"minecraft:iron_ore":23,"minecraft:cherry_hanging_sign":1,"minecraft:black_candle":1,"minecraft:azalea_leaves":1,"minecraft:deepslate_redstone_ore":29,"minecraft:blackstone":54,"minecraft:polished_deepslate_stairs":12,"minecraft:light_gray_terracotta":2,"minecraft:jungle_stairs":14,"minecraft:calcite":7,"minecraft:poppy":86,"minecraft:chest":8,"minecraft:nether_quartz_ore":193,"minecraft:cobblestone":118,"minecraft:grindstone":1,"minecraft:oak_planks":6,"minecraft:wall_torch":40,"minecraft:pink_petals":1,"minecraft:warped_nylium":14,"minecraft:blue_terracotta":3,"minecraft:birch_log":38,"minecraft:yellow_wool":27,"minecraft:cherry_door":3,"minecraft:tnt":12,"minecraft:oak_log":358,"minecraft:sand":74,"minecraft:dirt":2180,"minecraft:crimson_planks":2,"minecraft:netherrack":2238,"minecraft:ancient_debris":8,"minecraft:oak_leaves":29,"minecraft:nether_gold_ore":30,"minecraft:tuff":100,"minecraft:quartz_stairs":9,"minecraft:stripped_mangrove_log":2,"minecraft:deepslate_diamond_ore":14,"minecraft:stripped_cherry_log":32,"minecraft:ladder":1,"minecraft:mangrove_trapdoor":1,"minecraft:hay_block":1,"minecraft:deepslate_brick_slab":9,"minecraft:oak_trapdoor":1,"minecraft:polished_basalt":1,"minecraft:gold_block":21,"minecraft:polished_deepslate":3,"minecraft:bookshelf":10,"minecraft:deepslate_iron_ore":4,"minecraft:shroomlight":15,"minecraft:lantern":9,"minecraft:stripped_acacia_log":33,"minecraft:stone":1707,"minecraft:cherry_stairs":30,"minecraft:scaffolding":154,"minecraft:red_wool":24,"minecraft:snow_block":1,"minecraft:basalt":363,"minecraft:crafting_table":34,"minecraft:rose_bush":25,"minecraft:lectern":52,"minecraft:cactus":6,"minecraft:yellow_bed":3,"minecraft:coal_ore":109,"minecraft:cocoa":1,"minecraft:cherry_leaves":33,"minecraft:terracotta":9,"minecraft:birch_fence":1}},"DataVersion":3465}