{"stats":{"minecraft:broken":{"minecraft:iron_shovel":4,"minecraft:stone_pickaxe":5,"minecraft:stone_axe":3,"minecraft:stone_shovel":12,"minecraft:iron_axe":2,"minecraft:iron_pickaxe":1},"minecraft:dropped":{"minecraft:oak_log":1,"minecraft:deepslate_tile_wall":1,"minecraft:leather":3,"minecraft:cherry_hanging_sign":2,"minecraft:dirt":348,"minecraft:cherry_trapdoor":3,"minecraft:cornflower":10,"minecraft:cherry_button":8,"minecraft:bone_meal":6,"minecraft:bone":4,"minecraft:gravel":11,"minecraft:stone_axe":4,"minecraft:cobbled_deepslate":1,"minecraft:rotten_flesh":13,"minecraft:poppy":4,"minecraft:ladder":5,"vtaw_mw:iron_katana":1,"minecraft:wheat_seeds":55,"minecraft:oak_fence":1,"minecraft:feather":1,"minecraft:cobblestone":1,"minecraft:stick":2,"minecraft:oxeye_daisy":9,"minecraft:gray_wool":1,"minecraft:wooden_axe":1,"minecraft:iron_axe":1,"minecraft:pink_petals":4,"minecraft:dandelion":10,"minecraft:polished_deepslate":1,"minecraft:moss_carpet":2,"alexsmobs:maggot":2,"minecraft:andesite":1,"minecraft:oak_sapling":1,"minecraft:bamboo":10,"vtaw_mw:iron_glaive":1,"minecraft:wooden_pickaxe":1},"minecraft:used":{"vtaw_mw:iron_katana":498,"minecraft:cherry_sapling":64,"vtaw_mw:stone_katana":49,"minecraft:iron_shovel":1182,"minecraft:polished_deepslate":37,"minecraft:ladder":24,"minecraft:polished_basalt":1,"minecraft:chest":14,"minecraft:decorated_pot":2,"minecraft:quartz_stairs":25,"minecraft:iron_chestplate":1,"minecraft:jungle_slab":4,"minecraft:orange_wool":61,"minecraft:deepslate_brick_slab":1637,"minecraft:polished_deepslate_stairs":47,"minecraft:red_wool":44,"minecraft:grass_block":569,"minecraft:lantern":62,"minecraft:iron_helmet":1,"minecraft:cherry_button":27,"minecraft:cherry_leaves":27,"minecraft:stone_brick_stairs":52,"minecraft:stone_bricks":12,"minecraft:red_carpet":52,"minecraft:scaffolding":210,"minecraft:furnace":1,"minecraft:egg":1,"minecraft:deepslate_brick_wall":212,"minecraft:stone_pickaxe":789,"minecraft:wooden_pickaxe":3,"minecraft:smooth_quartz_stairs":1,"minecraft:white_wool":59,"minecraft:loom":1,"minecraft:stone_brick_wall":34,"minecraft:shears":28,"minecraft:cherry_hanging_sign":64,"minecraft:bread":8,"minecraft:chain":12,"minecraft:stripped_cherry_log":119,"minecraft:bone_meal":8,"minecraft:flint_and_steel":12,"minecraft:armor_stand":6,"minecraft:stone_shovel":1829,"minecraft:cooked_chicken":1,"minecraft:torch":162,"minecraft:dirt":600,"minecraft:hopper":2,"minecraft:cherry_pressure_plate":8,"minecraft:stone_brick_slab":10,"minecraft:wooden_axe":49,"minecraft:iron_axe":592,"minecraft:cherry_slab":300,"minecraft:crimson_slab":137,"minecraft:cherry_trapdoor":344,"minecraft:red_candle":28,"minecraft:iron_boots":1,"minecraft:cherry_fence_gate":96,"minecraft:crimson_planks":110,"minecraft:smooth_basalt":1,"minecraft:bamboo":1,"minecraft:basalt":1,"alexsmobs:banana":1,"minecraft:cooked_beef":6,"minecraft:cobbled_deepslate":35,"minecraft:cherry_fence":210,"minecraft:cherry_log":648,"minecraft:iron_leggings":1,"vtaw_mw:iron_glaive":2,"minecraft:calcite":351,"minecraft:cooked_mutton":17,"minecraft:cherry_planks":20,"minecraft:cauldron":1,"minecraft:stonecutter":2,"minecraft:deepslate_bricks":45,"minecraft:glow_item_frame":7,"minecraft:polished_deepslate_slab":353,"minecraft:crafting_table":27,"minecraft:white_bed":3,"minecraft:smoker":1,"minecraft:deepslate_tile_wall":1,"minecraft:flower_pot":19,"minecraft:black_wool":16,"minecraft:apple":13,"minecraft:cherry_door":11,"minecraft:iron_pickaxe":275,"minecraft:jungle_stairs":31,"minecraft:yellow_wool":47,"minecraft:stone_axe":1099,"minecraft:pink_petals":8,"minecraft:cobblestone":43,"minecraft:cherry_stairs":286,"minecraft:crimson_stairs":194,"minecraft:cooked_porkchop":38,"minecraft:black_candle":13,"minecraft:yellow_bed":1,"alexsmobs:animal_dictionary":1,"minecraft:gray_wool":18,"minecraft:smooth_stone":477,"minecraft:jukebox":2},"minecraft:killed":{"minecraft:spider":3,"minecraft:skeleton":2,"minecraft:chicken":12,"minecraft:pig":35,"minecraft:iron_golem":1,"minecraft:creeper":1,"minecraft:sheep":25,"minecraft:pillager":6,"minecraft:zombie":11,"minecraft:donkey":1,"alexsmobs:fly":3,"minecraft:cow":7,"minecraft:horse":1},"minecraft:custom":{"minecraft:interact_with_crafting_table":117,"minecraft:bell_ring":1,"minecraft:leave_game":17,"minecraft:time_since_death":40053,"minecraft:sprint_one_cm":1538371,"minecraft:drop":88,"minecraft:talked_to_villager":13,"minecraft:play_time":862242,"minecraft:deaths":24,"minecraft:jump":6785,"minecraft:interact_with_brewingstand":1,"minecraft:walk_on_water_one_cm":17593,"minecraft:interact_with_furnace":13,"minecraft:interact_with_loom":1,"minecraft:sleep_in_bed":46,"minecraft:damage_dealt":14171,"minecraft:player_kills":2,"minecraft:crouch_one_cm":89059,"minecraft:interact_with_smoker":51,"minecraft:mob_kills":111,"minecraft:inspect_hopper":1,"minecraft:climb_one_cm":115381,"minecraft:walk_one_cm":2256471,"minecraft:sneak_time":40440,"minecraft:walk_under_water_one_cm":10432,"minecraft:total_world_time":862242,"minecraft:pot_flower":16,"minecraft:interact_with_stonecutter":12,"minecraft:time_since_rest":40081,"minecraft:damage_taken":11312,"minecraft:swim_one_cm":14667,"minecraft:fly_one_cm":1994203,"minecraft:open_chest":374,"minecraft:fall_one_cm":227167},"minecraft:killed_by":{"minecraft:creeper":1,"minecraft:zombie":3,"minecraft:spider":1,"minecraft:iron_golem":3,"minecraft:skeleton":1},"minecraft:picked_up":{"minecraft:wooden_axe":1,"minecraft:crimson_planks":2,"minecraft:polished_deepslate":3,"minecraft:raw_copper":14,"alexsmobs:banana":1,"minecraft:cobbled_deepslate":14,"minecraft:rose_bush":22,"minecraft:calcite":6,"minecraft:deepslate_tile_wall":1,"minecraft:smooth_quartz_stairs":1,"minecraft:stick":406,"minecraft:deepslate_brick_wall":9,"minecraft:polished_deepslate_stairs":12,"minecraft:oak_fence":1,"minecraft:torch":57,"minecraft:acacia_log":32,"minecraft:porkchop":73,"minecraft:cherry_log":892,"minecraft:diorite":22,"minecraft:rotten_flesh":13,"minecraft:polished_basalt":1,"minecraft:cobblestone":806,"minecraft:birch_log":38,"minecraft:pink_petals":3,"minecraft:feather":3,"minecraft:cherry_planks":8,"minecraft:cherry_leaves":28,"minecraft:andesite":28,"minecraft:jungle_log":57,"minecraft:smoker":1,"minecraft:flint":1,"minecraft:cherry_fence":5,"minecraft:cherry_door":3,"minecraft:dirt":2681,"minecraft:lantern":2,"minecraft:bone":7,"minecraft:wheat_seeds":74,"minecraft:bamboo":43,"minecraft:oak_planks":156,"minecraft:loom":1,"minecraft:cherry_hanging_sign":4,"minecraft:granite":6,"minecraft:bread":41,"alexsmobs:maggot":2,"minecraft:oak_sapling":109,"minecraft:cherry_slab":11,"minecraft:cocoa_beans":10,"minecraft:crafting_table":25,"minecraft:azure_bluet":2,"minecraft:chicken":11,"minecraft:ladder":1,"minecraft:wooden_pickaxe":1,"minecraft:stripped_cherry_log":24,"minecraft:cornflower":12,"minecraft:iron_axe":1,"minecraft:moss_carpet":2,"minecraft:beef":12,"minecraft:jungle_sapling":7,"minecraft:poppy":92,"minecraft:quartz_stairs":9,"minecraft:chest":1,"minecraft:birch_sapling":7,"minecraft:cherry_button":11,"minecraft:cherry_trapdoor":62,"minecraft:egg":1,"minecraft:polished_deepslate_slab":22,"minecraft:raw_iron":15,"minecraft:cherry_stairs":30,"vtaw_mw:iron_katana":1,"minecraft:cherry_fence_gate":2,"minecraft:arrow":6,"minecraft:jungle_stairs":13,"minecraft:deepslate_bricks":4,"minecraft:mutton":39,"minecraft:crimson_slab":5,"minecraft:white_wool":40,"minecraft:oxeye_daisy":10,"minecraft:basalt":1,"minecraft:leather":3,"minecraft:oak_log":180,"minecraft:yellow_bed":1,"minecraft:apple":14,"minecraft:iron_ingot":7,"minecraft:acacia_sapling":9,"minecraft:scaffolding":196,"minecraft:smooth_basalt":1,"minecraft:black_candle":1,"minecraft:pumpkin":8,"minecraft:dandelion":21,"minecraft:gravel":11,"minecraft:crimson_stairs":4,"minecraft:white_bed":3,"minecraft:cherry_sapling":532,"minecraft:gray_wool":1,"minecraft:coal":60,"minecraft:hopper":1},"minecraft:mined":{"minecraft:white_bed":3,"minecraft:cherry_log":905,"minecraft:cherry_trapdoor":62,"minecraft:granite":6,"minecraft:acacia_log":37,"minecraft:deepslate_tile_wall":1,"minecraft:grass_block":1362,"minecraft:jungle_log":57,"minecraft:deepslate_bricks":4,"minecraft:hopper":1,"minecraft:oxeye_daisy":9,"minecraft:iron_ore":11,"minecraft:cobbled_deepslate":2,"minecraft:fire":9,"minecraft:pumpkin":8,"minecraft:polished_deepslate_slab":16,"minecraft:dirt_path":54,"minecraft:cherry_hanging_sign":1,"minecraft:black_candle":1,"minecraft:azalea_leaves":1,"minecraft:polished_deepslate_stairs":12,"minecraft:deepslate_brick_wall":9,"minecraft:smoker":1,"minecraft:torch":35,"minecraft:jungle_stairs":13,"minecraft:calcite":7,"minecraft:poppy":85,"minecraft:chest":1,"minecraft:dead_bush":1,"minecraft:cobblestone":9,"minecraft:crimson_stairs":4,"minecraft:wall_torch":13,"minecraft:cherry_slab":9,"minecraft:pink_petals":1,"minecraft:cherry_fence":5,"minecraft:birch_log":38,"minecraft:cherry_door":3,"minecraft:grass":426,"minecraft:oak_log":181,"minecraft:cherry_button":11,"minecraft:loom":1,"minecraft:dirt":1295,"minecraft:crimson_planks":2,"minecraft:smooth_basalt":1,"minecraft:oak_leaves":11,"minecraft:deepslate":12,"minecraft:quartz_stairs":9,"minecraft:cherry_sapling":5,"minecraft:stripped_cherry_log":24,"minecraft:ladder":1,"minecraft:oak_trapdoor":1,"minecraft:polished_basalt":1,"minecraft:andesite":34,"minecraft:polished_deepslate":3,"minecraft:deepslate_iron_ore":4,"minecraft:vine":6,"minecraft:lantern":1,"minecraft:smooth_quartz_stairs":1,"minecraft:bamboo":3,"minecraft:stone":822,"minecraft:cherry_fence_gate":2,"minecraft:cherry_stairs":30,"minecraft:scaffolding":118,"minecraft:cherry_planks":8,"minecraft:basalt":1,"minecraft:dandelion":8,"minecraft:crafting_table":23,"minecraft:cornflower":7,"minecraft:crimson_slab":5,"minecraft:rose_bush":25,"minecraft:tall_grass":46,"minecraft:copper_ore":4,"minecraft:diorite":22,"minecraft:cherry_wall_hanging_sign":2,"minecraft:birch_leaves":1,"minecraft:yellow_bed":2,"minecraft:coal_ore":60,"minecraft:cocoa":1,"minecraft:cherry_leaves":30,"minecraft:gravel":13,"minecraft:fern":4},"minecraft:crafted":{"minecraft:oak_planks":176,"minecraft:smooth_stone":3,"minecraft:cherry_pressure_plate":8,"minecraft:cherry_slab":276,"minecraft:cooked_chicken":9,"minecraft:chain":9,"minecraft:cooked_mutton":39,"minecraft:stone_brick_slab":2,"minecraft:iron_boots":1,"minecraft:chest":15,"minecraft:jungle_stairs":24,"minecraft:cherry_fence":120,"vtaw_mw:wooden_rod":4,"minecraft:cooked_porkchop":63,"minecraft:cauldron":1,"minecraft:crafting_table":3,"minecraft:wooden_pickaxe":1,"minecraft:iron_helmet":1,"minecraft:cherry_button":24,"vtaw_mw:iron_glaive":1,"minecraft:polished_deepslate_slab":84,"vtaw_mw:stone_katana":1,"minecraft:stone_brick_stairs":2,"minecraft:iron_chestplate":1,"minecraft:stick":132,"minecraft:iron_ingot":15,"minecraft:iron_pickaxe":2,"minecraft:shears":1,"minecraft:cherry_planks":1112,"minecraft:stone_shovel":14,"minecraft:smooth_stone_slab":6,"minecraft:iron_nugget":18,"minecraft:furnace":1,"minecraft:bone_meal":6,"minecraft:white_carpet":54,"minecraft:flint_and_steel":1,"minecraft:cherry_trapdoor":140,"minecraft:polished_deepslate":192,"minecraft:iron_axe":2,"minecraft:ladder":27,"minecraft:cherry_stairs":104,"minecraft:stone_pickaxe":11,"minecraft:deepslate_tile_wall":1,"minecraft:cherry_fence_gate":56,"minecraft:cooked_beef":12,"minecraft:red_dye":91,"minecraft:red_carpet":54,"minecraft:stone_axe":9,"minecraft:jungle_slab":6,"minecraft:air":0,"minecraft:jungle_planks":224,"vtaw_mw:iron_katana":1,"minecraft:wooden_axe":1,"minecraft:iron_shovel":4,"minecraft:cherry_door":9,"minecraft:iron_leggings":1,"minecraft:armor_stand":6,"minecraft:stonecutter":1,"minecraft:torch":116}},"DataVersion":3465}