{"stats":{"minecraft:custom":{"minecraft:interact_with_crafting_table":72,"minecraft:open_barrel":8,"minecraft:bell_ring":24,"minecraft:leave_game":13,"minecraft:time_since_death":20392,"minecraft:sprint_one_cm":1212456,"minecraft:drop":143,"minecraft:talked_to_villager":114,"minecraft:play_time":560304,"minecraft:deaths":39,"minecraft:jump":7801,"minecraft:walk_on_water_one_cm":179732,"minecraft:interact_with_furnace":32,"minecraft:traded_with_villager":338,"minecraft:sleep_in_bed":20,"minecraft:damage_dealt":5305,"minecraft:crouch_one_cm":68752,"minecraft:interact_with_smoker":13,"minecraft:use_cauldron":21,"minecraft:interact_with_smithing_table":1,"minecraft:mob_kills":28,"minecraft:interact_with_anvil":4,"minecraft:fill_cauldron":1,"minecraft:climb_one_cm":6321,"minecraft:walk_one_cm":1454490,"minecraft:sneak_time":25759,"minecraft:walk_under_water_one_cm":15727,"minecraft:boat_one_cm":16604,"minecraft:interact_with_blast_furnace":2,"minecraft:total_world_time":560304,"minecraft:interact_with_stonecutter":18,"minecraft:time_since_rest":20420,"minecraft:damage_taken":12344,"minecraft:swim_one_cm":51210,"minecraft:fly_one_cm":1539364,"minecraft:open_chest":342,"minecraft:fall_one_cm":232883},"minecraft:killed":{"minecraft:spider":3,"minecraft:skeleton":3,"minecraft:zombie_villager":1,"minecraft:iron_golem":1,"minecraft:creeper":1,"minecraft:sheep":1,"minecraft:zombie":8,"alexsmobs:fly":1,"minecraft:cow":8},"minecraft:crafted":{"minecraft:grindstone":2,"minecraft:oak_planks":928,"minecraft:cobblestone_slab":240,"minecraft:oak_sign":33,"minecraft:barrel":1,"minecraft:birch_slab":102,"minecraft:cobblestone_stairs":4,"minecraft:stone":360,"minecraft:diamond_shovel":3,"minecraft:deepslate_brick_stairs":8,"minecraft:hopper":2,"minecraft:glass":180,"minecraft:stone_brick_slab":4,"minecraft:bow":4,"minecraft:iron_boots":1,"minecraft:birch_fence_gate":2,"minecraft:chest":13,"minecraft:stone_hoe":10,"minecraft:oak_slab":220,"minecraft:arrow":48,"minecraft:emerald":257,"minecraft:cauldron":10,"minecraft:crafting_table":5,"minecraft:wooden_pickaxe":1,"minecraft:smithing_table":3,"minecraft:fletching_table":3,"minecraft:birch_planks":320,"minecraft:apple":48,"minecraft:iron_chestplate":1,"minecraft:diamond_pickaxe":3,"minecraft:birch_fence":48,"minecraft:stick":604,"minecraft:stone_slab":6,"minecraft:iron_pickaxe":2,"minecraft:iron_block":7,"minecraft:composter":1,"minecraft:stone_shovel":14,"minecraft:diamond_hoe":2,"minecraft:furnace":4,"minecraft:yellow_bed":1,"minecraft:oak_trapdoor":26,"minecraft:flint_and_steel":1,"minecraft:iron_axe":22,"minecraft:stone_pickaxe":3,"minecraft:birch_sign":9,"minecraft:wheat":404,"minecraft:cooked_beef":18,"minecraft:iron_sword":2,"minecraft:bucket":7,"minecraft:stone_axe":14,"minecraft:bread":21,"minecraft:air":0,"minecraft:oak_fence_gate":8,"minecraft:oak_boat":2,"minecraft:flint":10,"minecraft:wooden_axe":1,"minecraft:iron_shovel":3,"minecraft:iron_leggings":1,"minecraft:stonecutter":1,"minecraft:anvil":1,"minecraft:white_bed":2,"minecraft:torch":104},"minecraft:picked_up":{"minecraft:wheat":1,"minecraft:anvil":1,"minecraft:yellow_wool":5,"minecraft:oak_stairs":59,"minecraft:string":8,"minecraft:raw_copper":10,"minecraft:oak_sign":1,"minecraft:cobbled_deepslate":11,"minecraft:cobblestone_slab":26,"minecraft:calcite":6,"minecraft:furnace":1,"minecraft:stick":171,"minecraft:composter":2,"minecraft:torch":21,"minecraft:pointed_dripstone":1,"minecraft:deepslate_tile_stairs":21,"minecraft:cauldron":2,"minecraft:rotten_flesh":29,"minecraft:deepslate_brick_stairs":63,"minecraft:obsidian":18,"minecraft:cobblestone":1168,"minecraft:birch_log":155,"minecraft:cooked_beef":2,"minecraft:birch_slab":27,"minecraft:potato":21,"minecraft:smoker":1,"minecraft:flint":8,"minecraft:dirt":2593,"minecraft:bone":5,"minecraft:stonecutter":2,"minecraft:bow":1,"minecraft:wheat_seeds":175,"minecraft:deepslate_brick_slab":34,"minecraft:bell":2,"minecraft:oak_planks":91,"minecraft:stone_hoe":11,"minecraft:sand":256,"minecraft:lily_of_the_valley":10,"minecraft:dark_oak_log":131,"minecraft:emerald":88,"minecraft:bread":5,"alexsmobs:maggot":2,"minecraft:oak_sapling":210,"minecraft:crafting_table":1,"minecraft:coarse_dirt":4,"minecraft:azure_bluet":3,"minecraft:cornflower":15,"minecraft:oak_trapdoor":13,"minecraft:iron_axe":18,"minecraft:birch_fence":4,"minecraft:beef":18,"minecraft:oak_boat":2,"minecraft:poppy":31,"minecraft:chest":4,"minecraft:sugar_cane":54,"minecraft:birch_sapling":41,"minecraft:egg":1,"minecraft:dark_oak_sapling":9,"minecraft:sandstone":5,"minecraft:oak_door":2,"minecraft:carrot":1,"minecraft:stone_shovel":22,"minecraft:arrow":7,"minecraft:peony":1,"minecraft:deepslate_bricks":37,"minecraft:hay_block":45,"minecraft:mutton":2,"minecraft:white_wool":7,"minecraft:oxeye_daisy":16,"minecraft:leather":11,"minecraft:birch_planks":12,"minecraft:oak_log":887,"minecraft:yellow_bed":3,"minecraft:cobblestone_stairs":10,"minecraft:apple":91,"minecraft:stone_bricks":2,"minecraft:oak_fence_gate":5,"minecraft:iron_ingot":99,"minecraft:iron_sword":1,"minecraft:oak_slab":9,"minecraft:stone_brick_slab":7,"minecraft:dandelion":27,"minecraft:gravel":64,"minecraft:blast_furnace":1,"minecraft:white_bed":5,"minecraft:spider_eye":2,"minecraft:stone_axe":14,"minecraft:iron_helmet":6,"minecraft:cherry_sapling":6,"minecraft:birch_sign":6,"minecraft:coal":134},"minecraft:used":{"minecraft:iron_shovel":1287,"minecraft:oak_sign":26,"minecraft:chest":17,"minecraft:stone":1,"minecraft:iron_sword":86,"minecraft:zombie_spawn_egg":11,"minecraft:bell":2,"minecraft:carrot":2,"minecraft:deepslate_brick_slab":189,"minecraft:obsidian":14,"minecraft:glass":144,"minecraft:lava_bucket":29,"minecraft:villager_spawn_egg":19,"minecraft:lantern":2,"minecraft:stone_bricks":92,"minecraft:bow":43,"minecraft:furnace":4,"minecraft:oak_sapling":38,"minecraft:stone_pickaxe":449,"minecraft:oak_planks":134,"minecraft:wooden_pickaxe":13,"minecraft:composter":7,"minecraft:sugar_cane":54,"minecraft:sand":23,"minecraft:blast_furnace":1,"minecraft:deepslate_brick_stairs":205,"minecraft:birch_fence":44,"minecraft:birch_fence_gate":2,"minecraft:dark_oak_log":78,"minecraft:birch_slab":94,"minecraft:bread":21,"minecraft:grindstone":2,"minecraft:smithing_table":3,"minecraft:oak_boat":5,"minecraft:oak_trapdoor":38,"minecraft:netherite_sword":15,"minecraft:flint_and_steel":1,"minecraft:stone_shovel":542,"minecraft:oak_door":1,"minecraft:torch":123,"minecraft:dirt":967,"minecraft:anvil":4,"minecraft:hopper":2,"minecraft:oak_fence_gate":13,"minecraft:stone_brick_slab":146,"minecraft:wooden_axe":71,"minecraft:iron_axe":1080,"minecraft:oak_stairs":47,"minecraft:spawner":2,"minecraft:barrel":1,"minecraft:deepslate_tile_stairs":40,"minecraft:cooked_beef":18,"minecraft:cobbled_deepslate":23,"minecraft:pointed_dripstone":11,"minecraft:calcite":104,"minecraft:water_bucket":126,"minecraft:cobblestone_stairs":16,"minecraft:birch_planks":87,"minecraft:iron_golem_spawn_egg":1,"minecraft:cauldron":12,"minecraft:fletching_table":3,"minecraft:stonecutter":3,"minecraft:cobblestone_slab":402,"minecraft:deepslate_bricks":180,"minecraft:oak_slab":47,"minecraft:crafting_table":6,"minecraft:birch_sign":15,"minecraft:white_bed":11,"minecraft:smoker":1,"minecraft:oak_log":264,"minecraft:diamond_pickaxe":869,"minecraft:apple":46,"minecraft:diamond_shovel":1786,"minecraft:iron_pickaxe":274,"minecraft:stone_axe":563,"minecraft:cobblestone":423,"minecraft:bucket":163,"minecraft:yellow_bed":4,"alexsmobs:animal_dictionary":2,"minecraft:dandelion":1},"minecraft:broken":{"minecraft:iron_shovel":2,"minecraft:stone_pickaxe":3,"minecraft:stone_axe":4,"minecraft:wooden_axe":1,"minecraft:stone_shovel":4,"minecraft:iron_axe":3},"minecraft:killed_by":{"minecraft:creeper":4,"alexsmobs:straddler":1,"minecraft:zombie":3,"minecraft:iron_golem":11,"minecraft:skeleton":4},"minecraft:mined":{"minecraft:white_bed":5,"minecraft:oak_sapling":1,"minecraft:cobblestone_stairs":10,"minecraft:obsidian":20,"minecraft:grass_block":1003,"minecraft:deepslate_bricks":42,"minecraft:deepslate_tile_stairs":24,"minecraft:composter":2,"minecraft:oak_wall_sign":2,"minecraft:oxeye_daisy":10,"minecraft:cobbled_deepslate":11,"minecraft:fire":12,"minecraft:anvil":1,"minecraft:azure_bluet":2,"minecraft:pointed_dripstone":1,"minecraft:water_cauldron":1,"minecraft:dirt_path":5,"minecraft:oak_stairs":60,"minecraft:deepslate_brick_stairs":73,"minecraft:birch_wall_sign":4,"minecraft:smoker":1,"minecraft:torch":5,"minecraft:blast_furnace":1,"minecraft:calcite":6,"minecraft:poppy":2,"minecraft:chest":4,"minecraft:glass":5,"minecraft:cobblestone":121,"minecraft:sugar_cane":22,"minecraft:oak_planks":83,"minecraft:wall_torch":3,"minecraft:cauldron":2,"minecraft:seagrass":3,"minecraft:birch_log":174,"minecraft:yellow_wool":6,"minecraft:lilac":2,"minecraft:grass":1188,"minecraft:oak_log":886,"minecraft:oak_fence_gate":5,"minecraft:sand":238,"minecraft:dirt":1951,"minecraft:stonecutter":2,"minecraft:oak_leaves":7,"minecraft:oak_door":2,"minecraft:dark_oak_log":167,"minecraft:birch_slab":26,"minecraft:sandstone":5,"minecraft:hay_block":46,"minecraft:deepslate_brick_slab":37,"minecraft:oak_trapdoor":16,"minecraft:furnace":1,"minecraft:peony":1,"minecraft:bell":2,"minecraft:cobblestone_slab":24,"minecraft:vine":3,"minecraft:stone":1087,"minecraft:white_wool":6,"minecraft:oak_slab":6,"minecraft:glass_pane":1,"minecraft:lily_of_the_valley":16,"minecraft:stone_brick_slab":7,"minecraft:dandelion":19,"minecraft:crafting_table":1,"minecraft:cornflower":14,"minecraft:tall_grass":127,"minecraft:copper_ore":4,"minecraft:birch_planks":12,"minecraft:coarse_dirt":7,"minecraft:yellow_bed":3,"minecraft:coal_ore":72,"minecraft:gravel":64,"minecraft:stone_bricks":2,"minecraft:birch_fence":4,"minecraft:fern":28},"minecraft:dropped":{"minecraft:iron_sword":1,"minecraft:cooked_beef":2,"minecraft:emerald":42,"minecraft:dirt":39,"minecraft:sand":11,"minecraft:white_wool":1,"minecraft:gravel":9,"minecraft:stone_axe":24,"minecraft:birch_sapling":10,"minecraft:cherry_sapling":4,"minecraft:rotten_flesh":4,"minecraft:egg":1,"minecraft:stone_hoe":21,"minecraft:bread":2,"minecraft:wheat_seeds":22,"minecraft:cobblestone":3,"minecraft:iron_helmet":6,"minecraft:apple":60,"minecraft:oxeye_daisy":5,"minecraft:iron_axe":28,"minecraft:string":2,"minecraft:stone_shovel":32,"minecraft:oak_sign":1,"minecraft:lily_of_the_valley":7,"minecraft:oak_sapling":66,"minecraft:bow":3}},"DataVersion":3465}