{"stats":{"minecraft:dropped":{"minecraft:stone_hoe":21,"minecraft:bread":2,"minecraft:iron_sword":1,"minecraft:wheat_seeds":7,"minecraft:cooked_beef":2,"minecraft:iron_helmet":6,"minecraft:apple":60,"minecraft:emerald":42,"minecraft:oxeye_daisy":2,"minecraft:dirt":3,"minecraft:sand":11,"minecraft:iron_axe":27,"minecraft:white_wool":1,"minecraft:gravel":9,"minecraft:stone_axe":24,"minecraft:birch_sapling":10,"minecraft:stone_shovel":32,"minecraft:cherry_sapling":4,"minecraft:rotten_flesh":2,"minecraft:oak_sign":1,"minecraft:oak_sapling":66},"minecraft:broken":{"minecraft:iron_shovel":1,"minecraft:stone_pickaxe":3,"minecraft:iron_axe":1,"minecraft:stone_axe":4,"minecraft:wooden_axe":1,"minecraft:stone_shovel":4},"minecraft:crafted":{"minecraft:grindstone":2,"minecraft:oak_planks":576,"minecraft:cobblestone_slab":240,"minecraft:stone_shovel":14,"minecraft:oak_sign":21,"minecraft:barrel":1,"minecraft:diamond_hoe":2,"minecraft:furnace":2,"minecraft:cobblestone_stairs":4,"minecraft:yellow_bed":1,"minecraft:flint_and_steel":1,"minecraft:hopper":1,"minecraft:glass":64,"minecraft:stone_brick_slab":4,"minecraft:bow":1,"minecraft:iron_axe":21,"minecraft:birch_fence_gate":2,"minecraft:stone_pickaxe":3,"minecraft:chest":5,"minecraft:stone_hoe":10,"minecraft:birch_sign":9,"minecraft:wheat":404,"minecraft:cooked_beef":18,"minecraft:oak_slab":94,"minecraft:emerald":161,"minecraft:arrow":48,"minecraft:crafting_table":4,"minecraft:wooden_pickaxe":1,"minecraft:iron_sword":2,"minecraft:smithing_table":3,"minecraft:fletching_table":3,"minecraft:bucket":2,"minecraft:birch_planks":320,"minecraft:stone_axe":14,"minecraft:bread":21,"minecraft:air":0,"minecraft:apple":48,"minecraft:oak_fence_gate":8,"minecraft:oak_boat":1,"minecraft:diamond_pickaxe":1,"minecraft:birch_fence":48,"minecraft:stone_slab":6,"minecraft:stick":560,"minecraft:flint":10,"minecraft:iron_pickaxe":2,"minecraft:wooden_axe":1,"minecraft:iron_shovel":3,"minecraft:white_bed":2,"minecraft:composter":1,"minecraft:torch":48},"minecraft:killed_by":{"minecraft:creeper":2,"minecraft:iron_golem":11,"alexsmobs:straddler":1,"minecraft:skeleton":2,"minecraft:zombie":1},"minecraft:killed":{"minecraft:spider":1,"minecraft:skeleton":1,"minecraft:zombie_villager":1,"minecraft:iron_golem":1,"minecraft:creeper":1,"minecraft:sheep":1,"minecraft:zombie":4,"alexsmobs:fly":1,"minecraft:cow":8},"minecraft:used":{"minecraft:oak_trapdoor":12,"minecraft:netherite_sword":15,"minecraft:flint_and_steel":1,"minecraft:iron_shovel":544,"minecraft:stone_shovel":542,"minecraft:oak_sign":21,"minecraft:chest":10,"minecraft:stone":1,"minecraft:iron_sword":75,"minecraft:zombie_spawn_egg":9,"minecraft:bell":2,"minecraft:oak_door":1,"minecraft:torch":66,"minecraft:dirt":433,"minecraft:anvil":2,"minecraft:hopper":1,"minecraft:carrot":2,"minecraft:oak_fence_gate":13,"minecraft:obsidian":14,"minecraft:stone_brick_slab":11,"minecraft:glass":98,"minecraft:wooden_axe":71,"minecraft:lava_bucket":7,"minecraft:villager_spawn_egg":19,"minecraft:iron_axe":625,"minecraft:oak_stairs":47,"minecraft:spawner":2,"minecraft:barrel":1,"minecraft:bow":30,"minecraft:oak_sapling":33,"minecraft:furnace":2,"minecraft:deepslate_tile_stairs":37,"minecraft:cooked_beef":18,"minecraft:cobbled_deepslate":23,"minecraft:water_bucket":87,"minecraft:cobblestone_stairs":3,"minecraft:birch_planks":87,"minecraft:stone_pickaxe":449,"minecraft:oak_planks":4,"minecraft:cauldron":1,"minecraft:iron_golem_spawn_egg":1,"minecraft:sugar_cane":54,"minecraft:wooden_pickaxe":13,"minecraft:composter":7,"minecraft:fletching_table":3,"minecraft:cobblestone_slab":390,"minecraft:stonecutter":2,"minecraft:deepslate_bricks":20,"minecraft:sand":23,"minecraft:birch_sign":15,"minecraft:oak_slab":47,"minecraft:crafting_table":5,"minecraft:white_bed":11,"minecraft:smoker":1,"minecraft:birch_fence":44,"minecraft:oak_log":187,"minecraft:diamond_pickaxe":386,"minecraft:apple":12,"minecraft:birch_fence_gate":2,"minecraft:bread":21,"minecraft:iron_pickaxe":188,"minecraft:stone_axe":563,"minecraft:cobblestone":239,"minecraft:grindstone":2,"minecraft:smithing_table":3,"minecraft:bucket":94,"minecraft:oak_boat":2,"minecraft:yellow_bed":4,"alexsmobs:animal_dictionary":2},"minecraft:mined":{"minecraft:white_bed":5,"minecraft:oak_sapling":1,"minecraft:oak_door":2,"minecraft:cobblestone_stairs":7,"minecraft:obsidian":20,"minecraft:grass_block":263,"minecraft:deepslate_bricks":6,"minecraft:deepslate_tile_stairs":8,"minecraft:composter":2,"minecraft:oxeye_daisy":7,"minecraft:oak_wall_sign":1,"minecraft:hay_block":46,"minecraft:oak_trapdoor":16,"minecraft:cobbled_deepslate":4,"minecraft:fire":12,"minecraft:peony":1,"minecraft:bell":2,"minecraft:cobblestone_slab":23,"minecraft:water_cauldron":1,"minecraft:vine":1,"minecraft:oak_stairs":60,"minecraft:birch_wall_sign":4,"minecraft:stone":768,"minecraft:white_wool":6,"minecraft:oak_slab":5,"minecraft:glass_pane":1,"minecraft:lily_of_the_valley":1,"minecraft:smoker":1,"minecraft:dandelion":1,"minecraft:cornflower":7,"minecraft:crafting_table":1,"minecraft:torch":4,"minecraft:poppy":1,"minecraft:chest":4,"minecraft:copper_ore":4,"minecraft:tall_grass":65,"minecraft:glass":2,"minecraft:cobblestone":93,"minecraft:oak_planks":44,"minecraft:sugar_cane":22,"minecraft:wall_torch":3,"minecraft:cauldron":1,"minecraft:seagrass":1,"minecraft:birch_planks":12,"minecraft:yellow_wool":6,"minecraft:birch_log":150,"minecraft:yellow_bed":3,"minecraft:grass":559,"minecraft:oak_log":743,"minecraft:coal_ore":50,"minecraft:oak_fence_gate":5,"minecraft:gravel":62,"minecraft:sand":210,"minecraft:dirt":344,"minecraft:stonecutter":2,"minecraft:oak_leaves":3,"minecraft:birch_fence":4,"minecraft:fern":8},"minecraft:picked_up":{"minecraft:crafting_table":1,"minecraft:wheat":1,"minecraft:yellow_wool":5,"minecraft:oak_stairs":59,"minecraft:cornflower":8,"minecraft:string":2,"minecraft:oak_trapdoor":13,"minecraft:raw_copper":10,"minecraft:iron_axe":17,"minecraft:birch_fence":4,"minecraft:oak_sign":1,"minecraft:cobbled_deepslate":4,"minecraft:beef":18,"minecraft:oak_boat":1,"minecraft:cobblestone_slab":25,"minecraft:poppy":31,"minecraft:sugar_cane":54,"minecraft:chest":4,"minecraft:birch_sapling":33,"minecraft:egg":1,"minecraft:stick":154,"minecraft:oak_door":2,"minecraft:composter":2,"minecraft:torch":18,"minecraft:carrot":1,"minecraft:deepslate_tile_stairs":5,"minecraft:cauldron":1,"minecraft:stone_shovel":22,"minecraft:rotten_flesh":18,"minecraft:peony":1,"minecraft:deepslate_bricks":4,"minecraft:hay_block":45,"minecraft:obsidian":18,"minecraft:mutton":2,"minecraft:white_wool":7,"minecraft:cobblestone":799,"minecraft:oxeye_daisy":12,"minecraft:birch_log":131,"minecraft:cooked_beef":2,"minecraft:leather":11,"minecraft:smoker":1,"minecraft:potato":21,"minecraft:birch_planks":12,"minecraft:flint":8,"minecraft:oak_log":749,"minecraft:yellow_bed":3,"minecraft:cobblestone_stairs":7,"minecraft:dirt":606,"minecraft:apple":89,"minecraft:stonecutter":2,"minecraft:wheat_seeds":86,"minecraft:bell":2,"minecraft:iron_ingot":99,"minecraft:oak_fence_gate":5,"minecraft:stone_hoe":11,"minecraft:iron_sword":1,"minecraft:oak_planks":56,"minecraft:oak_slab":8,"minecraft:dandelion":4,"minecraft:gravel":62,"minecraft:sand":236,"minecraft:white_bed":5,"minecraft:lily_of_the_valley":1,"minecraft:spider_eye":1,"minecraft:stone_axe":14,"minecraft:iron_helmet":6,"minecraft:birch_sign":6,"minecraft:cherry_sapling":6,"minecraft:bread":5,"minecraft:emerald":88,"alexsmobs:maggot":1,"minecraft:oak_sapling":191,"minecraft:coal":50},"minecraft:custom":{"minecraft:interact_with_anvil":1,"minecraft:mob_kills":20,"minecraft:interact_with_crafting_table":53,"minecraft:open_barrel":4,"minecraft:bell_ring":24,"minecraft:leave_game":10,"minecraft:time_since_death":14628,"minecraft:climb_one_cm":2409,"minecraft:sprint_one_cm":775239,"minecraft:walk_one_cm":779971,"minecraft:drop":131,"minecraft:talked_to_villager":77,"minecraft:play_time":313083,"minecraft:sneak_time":14367,"minecraft:deaths":27,"minecraft:walk_under_water_one_cm":7654,"minecraft:boat_one_cm":6209,"minecraft:jump":5029,"minecraft:walk_on_water_one_cm":134718,"minecraft:total_world_time":313083,"minecraft:interact_with_furnace":14,"minecraft:traded_with_villager":234,"minecraft:interact_with_stonecutter":5,"minecraft:sleep_in_bed":16,"minecraft:time_since_rest":14652,"minecraft:damage_taken":9347,"minecraft:damage_dealt":4036,"minecraft:swim_one_cm":30695,"minecraft:fly_one_cm":1042255,"minecraft:open_chest":193,"minecraft:crouch_one_cm":36037,"minecraft:interact_with_smoker":10,"minecraft:fall_one_cm":168855}},"DataVersion":3465}