{"stats":{"minecraft:killed_by":{"minecraft:creeper":4,"minecraft:iron_golem":11,"alexsmobs:straddler":1,"minecraft:skeleton":4,"minecraft:zombie":2},"minecraft:dropped":{"minecraft:stone_hoe":21,"minecraft:bread":2,"minecraft:iron_sword":1,"minecraft:wheat_seeds":22,"minecraft:cooked_beef":2,"minecraft:iron_helmet":6,"minecraft:cobblestone":3,"minecraft:apple":60,"minecraft:emerald":42,"minecraft:oxeye_daisy":5,"minecraft:dirt":3,"minecraft:sand":11,"minecraft:iron_axe":28,"minecraft:string":2,"minecraft:white_wool":1,"minecraft:gravel":9,"minecraft:stone_axe":24,"minecraft:birch_sapling":10,"minecraft:stone_shovel":32,"minecraft:cherry_sapling":4,"minecraft:rotten_flesh":4,"minecraft:oak_sign":1,"minecraft:oak_sapling":66,"minecraft:bow":3,"minecraft:egg":1},"minecraft:mined":{"minecraft:white_bed":5,"minecraft:oak_sapling":1,"minecraft:oak_door":2,"minecraft:cobblestone_stairs":10,"minecraft:obsidian":20,"minecraft:grass_block":406,"minecraft:deepslate_bricks":12,"minecraft:deepslate_tile_stairs":24,"minecraft:composter":2,"minecraft:oxeye_daisy":10,"minecraft:oak_wall_sign":2,"minecraft:hay_block":46,"minecraft:oak_trapdoor":16,"minecraft:cobbled_deepslate":11,"minecraft:fire":12,"minecraft:peony":1,"minecraft:azure_bluet":2,"minecraft:bell":2,"minecraft:pointed_dripstone":1,"minecraft:dirt_path":5,"minecraft:vine":1,"minecraft:water_cauldron":1,"minecraft:cobblestone_slab":24,"minecraft:oak_stairs":60,"minecraft:birch_wall_sign":4,"minecraft:stone":809,"minecraft:white_wool":6,"minecraft:oak_slab":6,"minecraft:glass_pane":1,"minecraft:lily_of_the_valley":1,"minecraft:smoker":1,"minecraft:stone_brick_slab":3,"minecraft:dandelion":19,"minecraft:cornflower":14,"minecraft:crafting_table":1,"minecraft:torch":5,"minecraft:poppy":2,"minecraft:chest":4,"minecraft:copper_ore":4,"minecraft:tall_grass":114,"minecraft:glass":2,"minecraft:cobblestone":121,"minecraft:oak_planks":45,"minecraft:sugar_cane":22,"minecraft:wall_torch":3,"minecraft:cauldron":2,"minecraft:seagrass":1,"minecraft:birch_planks":12,"minecraft:yellow_wool":6,"minecraft:birch_log":150,"minecraft:yellow_bed":3,"minecraft:grass":1027,"minecraft:oak_log":826,"minecraft:coal_ore":50,"minecraft:oak_fence_gate":5,"minecraft:gravel":64,"minecraft:sand":210,"minecraft:dirt":554,"minecraft:stonecutter":2,"minecraft:oak_leaves":6,"minecraft:birch_fence":4,"minecraft:fern":8},"minecraft:broken":{"minecraft:iron_shovel":1,"minecraft:stone_pickaxe":3,"minecraft:iron_axe":1,"minecraft:stone_axe":4,"minecraft:wooden_axe":1,"minecraft:stone_shovel":4},"minecraft:custom":{"minecraft:interact_with_anvil":1,"minecraft:mob_kills":24,"minecraft:interact_with_crafting_table":63,"minecraft:open_barrel":5,"minecraft:bell_ring":24,"minecraft:leave_game":12,"minecraft:time_since_death":1067,"minecraft:climb_one_cm":4776,"minecraft:sprint_one_cm":971541,"minecraft:walk_one_cm":991129,"minecraft:drop":141,"minecraft:talked_to_villager":92,"minecraft:play_time":386070,"minecraft:sneak_time":16170,"minecraft:deaths":33,"minecraft:walk_under_water_one_cm":7932,"minecraft:boat_one_cm":16604,"minecraft:jump":6368,"minecraft:walk_on_water_one_cm":156498,"minecraft:total_world_time":386070,"minecraft:interact_with_furnace":15,"minecraft:traded_with_villager":273,"minecraft:interact_with_stonecutter":7,"minecraft:sleep_in_bed":18,"minecraft:time_since_rest":319,"minecraft:damage_taken":11335,"minecraft:damage_dealt":4945,"minecraft:swim_one_cm":30695,"minecraft:fly_one_cm":1316760,"minecraft:open_chest":260,"minecraft:crouch_one_cm":39751,"minecraft:interact_with_smoker":11,"minecraft:fall_one_cm":197612},"minecraft:crafted":{"minecraft:grindstone":2,"minecraft:oak_planks":900,"minecraft:cobblestone_slab":240,"minecraft:stone_shovel":14,"minecraft:barrel":1,"minecraft:oak_sign":33,"minecraft:diamond_hoe":2,"minecraft:birch_slab":102,"minecraft:furnace":2,"minecraft:cobblestone_stairs":4,"minecraft:yellow_bed":1,"minecraft:oak_trapdoor":26,"minecraft:flint_and_steel":1,"minecraft:glass":64,"minecraft:hopper":2,"minecraft:stone_brick_slab":4,"minecraft:bow":4,"minecraft:iron_boots":1,"minecraft:iron_axe":21,"minecraft:birch_fence_gate":2,"minecraft:stone_pickaxe":3,"minecraft:chest":9,"minecraft:stone_hoe":10,"minecraft:birch_sign":9,"minecraft:wheat":404,"minecraft:cooked_beef":18,"minecraft:oak_slab":220,"minecraft:arrow":48,"minecraft:emerald":197,"minecraft:cauldron":10,"minecraft:crafting_table":4,"minecraft:wooden_pickaxe":1,"minecraft:iron_sword":2,"minecraft:smithing_table":3,"minecraft:fletching_table":3,"minecraft:bucket":7,"minecraft:birch_planks":320,"minecraft:stone_axe":14,"minecraft:bread":21,"minecraft:air":0,"minecraft:apple":48,"minecraft:oak_fence_gate":8,"minecraft:oak_boat":2,"minecraft:iron_chestplate":1,"minecraft:diamond_pickaxe":1,"minecraft:birch_fence":48,"minecraft:stone_slab":6,"minecraft:stick":604,"minecraft:flint":10,"minecraft:iron_pickaxe":2,"minecraft:wooden_axe":1,"minecraft:iron_shovel":3,"minecraft:iron_leggings":1,"minecraft:white_bed":2,"minecraft:composter":1,"minecraft:torch":104},"minecraft:used":{"minecraft:oak_trapdoor":38,"minecraft:netherite_sword":15,"minecraft:iron_shovel":1071,"minecraft:flint_and_steel":1,"minecraft:stone_shovel":542,"minecraft:oak_sign":26,"minecraft:chest":13,"minecraft:stone":1,"minecraft:iron_sword":86,"minecraft:zombie_spawn_egg":11,"minecraft:bell":2,"minecraft:oak_door":1,"minecraft:torch":104,"minecraft:dirt":719,"minecraft:anvil":2,"minecraft:hopper":2,"minecraft:carrot":2,"minecraft:oak_fence_gate":13,"minecraft:obsidian":14,"minecraft:glass":98,"minecraft:wooden_axe":71,"minecraft:stone_brick_slab":16,"minecraft:lava_bucket":14,"minecraft:villager_spawn_egg":19,"minecraft:iron_axe":739,"minecraft:oak_stairs":47,"minecraft:spawner":2,"minecraft:barrel":1,"minecraft:bow":32,"minecraft:oak_sapling":33,"minecraft:deepslate_tile_stairs":40,"minecraft:furnace":2,"minecraft:cooked_beef":18,"minecraft:cobbled_deepslate":23,"minecraft:pointed_dripstone":11,"minecraft:water_bucket":108,"minecraft:cobblestone_stairs":16,"minecraft:birch_planks":87,"minecraft:stone_pickaxe":449,"minecraft:oak_planks":8,"minecraft:cauldron":12,"minecraft:sugar_cane":54,"minecraft:iron_golem_spawn_egg":1,"minecraft:wooden_pickaxe":13,"minecraft:composter":7,"minecraft:fletching_table":3,"minecraft:cobblestone_slab":402,"minecraft:stonecutter":2,"minecraft:deepslate_bricks":20,"minecraft:sand":23,"minecraft:birch_sign":15,"minecraft:oak_slab":47,"minecraft:crafting_table":5,"minecraft:white_bed":11,"minecraft:smoker":1,"minecraft:birch_fence":44,"minecraft:oak_log":214,"minecraft:diamond_pickaxe":414,"minecraft:apple":33,"minecraft:birch_fence_gate":2,"minecraft:bread":21,"minecraft:iron_pickaxe":269,"minecraft:stone_axe":563,"minecraft:cobblestone":423,"minecraft:grindstone":2,"minecraft:smithing_table":3,"minecraft:bucket":121,"minecraft:oak_boat":5,"minecraft:yellow_bed":4,"alexsmobs:animal_dictionary":2,"minecraft:dandelion":1},"minecraft:killed":{"minecraft:spider":2,"minecraft:skeleton":1,"minecraft:zombie_villager":1,"minecraft:iron_golem":1,"minecraft:creeper":1,"minecraft:sheep":1,"minecraft:zombie":7,"alexsmobs:fly":1,"minecraft:cow":8},"minecraft:picked_up":{"minecraft:crafting_table":1,"minecraft:wheat":1,"minecraft:azure_bluet":3,"minecraft:yellow_wool":5,"minecraft:oak_stairs":59,"minecraft:cornflower":15,"minecraft:string":8,"minecraft:oak_trapdoor":13,"minecraft:raw_copper":10,"minecraft:iron_axe":18,"minecraft:birch_fence":4,"minecraft:oak_sign":1,"minecraft:cobbled_deepslate":11,"minecraft:beef":18,"minecraft:oak_boat":2,"minecraft:cobblestone_slab":26,"minecraft:poppy":31,"minecraft:sugar_cane":54,"minecraft:chest":4,"minecraft:birch_sapling":33,"minecraft:egg":1,"minecraft:stick":154,"minecraft:oak_door":2,"minecraft:composter":2,"minecraft:torch":21,"minecraft:pointed_dripstone":1,"minecraft:carrot":1,"minecraft:deepslate_tile_stairs":21,"minecraft:cauldron":2,"minecraft:arrow":3,"minecraft:stone_shovel":22,"minecraft:rotten_flesh":27,"minecraft:peony":1,"minecraft:deepslate_bricks":10,"minecraft:hay_block":45,"minecraft:obsidian":18,"minecraft:mutton":2,"minecraft:white_wool":7,"minecraft:cobblestone":868,"minecraft:oxeye_daisy":16,"minecraft:birch_log":131,"minecraft:cooked_beef":2,"minecraft:leather":11,"minecraft:smoker":1,"minecraft:potato":21,"minecraft:birch_planks":12,"minecraft:flint":8,"minecraft:oak_log":828,"minecraft:yellow_bed":3,"minecraft:cobblestone_stairs":10,"minecraft:dirt":952,"minecraft:bone":2,"minecraft:apple":89,"minecraft:stonecutter":2,"minecraft:wheat_seeds":153,"minecraft:bell":2,"minecraft:iron_ingot":99,"minecraft:oak_fence_gate":5,"minecraft:stone_hoe":11,"minecraft:iron_sword":1,"minecraft:oak_planks":57,"minecraft:oak_slab":9,"minecraft:stone_brick_slab":3,"minecraft:dandelion":27,"minecraft:gravel":64,"minecraft:sand":236,"minecraft:white_bed":5,"minecraft:lily_of_the_valley":1,"minecraft:spider_eye":2,"minecraft:stone_axe":14,"minecraft:iron_helmet":6,"minecraft:birch_sign":6,"minecraft:cherry_sapling":6,"minecraft:bread":5,"minecraft:emerald":88,"alexsmobs:maggot":2,"minecraft:oak_sapling":192,"minecraft:coal":50}},"DataVersion":3465}