{"stats":{"minecraft:killed":{"minecraft:spider":3,"minecraft:skeleton":3,"creeperoverhaul:dark_oak_creeper":1,"minecraft:zombie_villager":1,"minecraft:iron_golem":1,"minecraft:creeper":1,"minecraft:sheep":1,"minecraft:pillager":20,"minecraft:zombie":9,"alexsmobs:fly":1,"minecraft:cow":9,"minecraft:evoker":1,"minecraft:vex":4,"alexsmobs:raccoon":1,"minecraft:vindicator":11,"alexsmobs:rattlesnake":1,"minecraft:horse":2,"minecraft:drowned":1,"alexsmobs:skunk":1,"endermanoverhaul:coral_enderman":1},"minecraft:used":{"minecraft:iron_shovel":1287,"minecraft:spruce_slab":5,"minecraft:oak_sign":26,"minecraft:shield":12,"minecraft:chest":19,"minecraft:stone":1,"minecraft:iron_sword":86,"minecraft:zombie_spawn_egg":11,"minecraft:bell":2,"minecraft:carrot":2,"minecraft:deepslate_brick_slab":194,"minecraft:obsidian":14,"endermanoverhaul:bubble_pearl":1,"minecraft:spruce_boat":4,"minecraft:glass":214,"minecraft:lava_bucket":54,"minecraft:villager_spawn_egg":19,"minecraft:lantern":2,"minecraft:stone_bricks":92,"minecraft:bow":155,"minecraft:furnace":4,"minecraft:oak_sapling":38,"minecraft:stone_pickaxe":449,"minecraft:oak_planks":137,"minecraft:wooden_pickaxe":13,"minecraft:sandstone":1,"minecraft:composter":7,"minecraft:diamond_axe":746,"minecraft:sugar_cane":54,"minecraft:sand":23,"minecraft:blast_furnace":1,"minecraft:deepslate_brick_stairs":301,"minecraft:birch_fence":44,"minecraft:birch_fence_gate":2,"minecraft:dark_oak_log":156,"minecraft:birch_slab":292,"minecraft:bread":21,"minecraft:gravel":1,"minecraft:grindstone":2,"minecraft:dark_oak_fence":3,"minecraft:smithing_table":3,"minecraft:oak_boat":5,"minecraft:experience_bottle":12,"minecraft:oak_trapdoor":38,"minecraft:netherite_sword":15,"minecraft:flint_and_steel":1,"minecraft:stone_shovel":542,"minecraft:spruce_planks":135,"minecraft:oak_door":1,"minecraft:torch":193,"minecraft:dirt":1186,"minecraft:anvil":6,"minecraft:hopper":2,"minecraft:oak_fence_gate":13,"minecraft:dark_oak_planks":8,"minecraft:stone_brick_slab":155,"minecraft:wooden_axe":71,"minecraft:iron_axe":1256,"minecraft:oak_stairs":47,"minecraft:spawner":2,"minecraft:barrel":1,"minecraft:golden_carrot":36,"minecraft:goat_horn":2,"minecraft:deepslate_tile_stairs":40,"minecraft:cooked_beef":18,"minecraft:cobbled_deepslate":23,"minecraft:pointed_dripstone":11,"minecraft:calcite":104,"minecraft:water_bucket":129,"minecraft:cobblestone_stairs":17,"minecraft:birch_planks":87,"minecraft:iron_golem_spawn_egg":1,"minecraft:cauldron":12,"minecraft:fletching_table":3,"minecraft:stonecutter":3,"minecraft:cobblestone_slab":402,"minecraft:deepslate_bricks":180,"minecraft:oak_slab":47,"minecraft:crafting_table":8,"minecraft:birch_sign":15,"minecraft:white_bed":11,"minecraft:smoker":1,"minecraft:oak_log":264,"minecraft:diamond_pickaxe":1577,"minecraft:apple":49,"vtaw_mw:netherite_katana":88,"minecraft:diamond_shovel":2026,"minecraft:iron_pickaxe":274,"minecraft:spruce_sapling":33,"minecraft:stone_axe":563,"minecraft:cobblestone":455,"minecraft:bucket":194,"minecraft:yellow_bed":4,"alexsmobs:animal_dictionary":2,"minecraft:dandelion":1,"minecraft:birch_stairs":9},"minecraft:dropped":{"minecraft:iron_sword":1,"minecraft:cooked_beef":2,"minecraft:dark_oak_sapling":9,"minecraft:crossbow":21,"minecraft:iron_horse_armor":1,"minecraft:birch_slab":8,"minecraft:flint":2,"minecraft:emerald":42,"minecraft:dirt":99,"minecraft:dark_oak_log":33,"minecraft:mutton":2,"minecraft:sand":11,"minecraft:iron_pickaxe":1,"minecraft:dark_oak_planks":2,"minecraft:white_wool":3,"minecraft:gravel":9,"minecraft:stone_axe":24,"minecraft:goat_horn":1,"minecraft:birch_sapling":10,"minecraft:cherry_sapling":4,"minecraft:rotten_flesh":5,"minecraft:egg":1,"minecraft:stone_hoe":21,"minecraft:bread":2,"minecraft:wheat_seeds":46,"minecraft:cobblestone":5,"minecraft:iron_helmet":7,"minecraft:book":2,"alexsmobs:rattlesnake_rattle":1,"minecraft:apple":60,"alexsmobs:raw_catfish":2,"minecraft:stick":29,"minecraft:oxeye_daisy":5,"minecraft:iron_axe":28,"minecraft:string":2,"minecraft:kelp":1,"alexsmobs:tarantula_hawk_wing_fragment":2,"minecraft:stone_shovel":32,"minecraft:white_carpet":1,"minecraft:oak_sign":1,"minecraft:lily_of_the_valley":7,"minecraft:filled_map":2,"minecraft:andesite":20,"minecraft:oak_sapling":66,"minecraft:sandstone":64,"minecraft:bow":4},"minecraft:custom":{"minecraft:interact_with_crafting_table":92,"minecraft:open_barrel":13,"minecraft:bell_ring":24,"minecraft:leave_game":14,"minecraft:time_since_death":4541,"minecraft:sprint_one_cm":1686527,"minecraft:damage_blocked_by_shield":810,"minecraft:drop":203,"minecraft:talked_to_villager":188,"minecraft:play_time":752859,"minecraft:deaths":56,"minecraft:jump":10253,"minecraft:walk_on_water_one_cm":212080,"minecraft:interact_with_furnace":38,"minecraft:traded_with_villager":591,"minecraft:sleep_in_bed":20,"minecraft:damage_dealt":11929,"minecraft:player_kills":1,"minecraft:crouch_one_cm":94962,"minecraft:interact_with_smoker":13,"minecraft:use_cauldron":30,"minecraft:interact_with_smithing_table":3,"minecraft:mob_kills":79,"minecraft:interact_with_anvil":20,"minecraft:fill_cauldron":1,"minecraft:climb_one_cm":13931,"minecraft:walk_one_cm":2020674,"minecraft:sneak_time":36610,"minecraft:walk_under_water_one_cm":74827,"minecraft:boat_one_cm":185254,"minecraft:interact_with_blast_furnace":2,"minecraft:total_world_time":752859,"minecraft:interact_with_stonecutter":23,"minecraft:time_since_rest":4575,"minecraft:damage_taken":19054,"minecraft:trigger_trapped_chest":1,"minecraft:swim_one_cm":94270,"minecraft:fly_one_cm":2021608,"minecraft:open_chest":467,"minecraft:fall_one_cm":308878},"minecraft:crafted":{"minecraft:grindstone":2,"minecraft:oak_planks":928,"minecraft:cobblestone_slab":240,"minecraft:barrel":1,"minecraft:oak_sign":33,"minecraft:birch_slab":168,"minecraft:stone":420,"minecraft:cobblestone_stairs":4,"minecraft:diamond_shovel":4,"minecraft:deepslate_brick_stairs":8,"minecraft:hopper":2,"minecraft:glass":180,"minecraft:stone_brick_slab":4,"minecraft:diamond_leggings":2,"minecraft:diamond_helmet":2,"minecraft:bow":8,"minecraft:iron_boots":1,"minecraft:birch_fence_gate":2,"minecraft:chest":15,"minecraft:stone_hoe":10,"minecraft:oak_slab":220,"vtaw_mw:diamond_katana":1,"minecraft:arrow":112,"minecraft:emerald":432,"minecraft:cauldron":10,"minecraft:diamond_axe":1,"minecraft:crafting_table":7,"minecraft:spruce_planks":312,"minecraft:wooden_pickaxe":1,"minecraft:smithing_table":3,"minecraft:fletching_table":3,"minecraft:birch_planks":320,"minecraft:apple":48,"minecraft:book":6,"minecraft:iron_chestplate":1,"minecraft:paper":18,"minecraft:diamond_pickaxe":3,"minecraft:shield":1,"minecraft:birch_fence":48,"minecraft:stick":620,"minecraft:stone_slab":6,"minecraft:iron_ingot":9,"minecraft:iron_pickaxe":2,"minecraft:iron_block":10,"minecraft:composter":1,"minecraft:birch_stairs":12,"minecraft:golden_carrot":72,"minecraft:stone_shovel":14,"minecraft:experience_bottle":12,"minecraft:diamond_hoe":2,"minecraft:furnace":4,"minecraft:yellow_bed":1,"minecraft:oak_trapdoor":26,"minecraft:flint_and_steel":1,"minecraft:iron_axe":22,"minecraft:spruce_slab":54,"minecraft:stone_pickaxe":3,"minecraft:spruce_boat":2,"minecraft:dark_oak_planks":40,"minecraft:birch_sign":9,"minecraft:wheat":404,"minecraft:cooked_beef":18,"minecraft:crossbow":19,"minecraft:iron_sword":2,"minecraft:bucket":7,"minecraft:stone_axe":14,"minecraft:enchanted_book":6,"minecraft:bread":21,"minecraft:air":0,"minecraft:oak_fence_gate":8,"minecraft:oak_boat":2,"minecraft:flint":10,"minecraft:wooden_axe":1,"minecraft:iron_shovel":3,"minecraft:iron_leggings":1,"minecraft:stonecutter":1,"minecraft:anvil":3,"minecraft:white_bed":2,"minecraft:torch":144,"minecraft:diamond_chestplate":3},"minecraft:killed_by":{"minecraft:creeper":4,"alexsmobs:straddler":1,"alexsmobs:elephant":2,"creeperoverhaul:desert_creeper":1,"alexsmobs:cachalot_whale":2,"minecraft:vindicator":2,"minecraft:zombie":3,"minecraft:player":1,"minecraft:enderman":1,"minecraft:iron_golem":12,"minecraft:skeleton":4,"alexsmobs:tarantula_hawk":1},"minecraft:picked_up":{"minecraft:wheat":1,"minecraft:anvil":1,"minecraft:yellow_wool":5,"minecraft:oak_stairs":59,"minecraft:string":8,"minecraft:raw_copper":49,"minecraft:netherite_ingot":1,"minecraft:oak_sign":1,"minecraft:cobbled_deepslate":11,"minecraft:spruce_planks":27,"minecraft:cobblestone_slab":26,"minecraft:calcite":6,"minecraft:netherite_upgrade_smithing_template":1,"minecraft:furnace":3,"minecraft:stick":236,"minecraft:composter":2,"minecraft:torch":53,"minecraft:pointed_dripstone":1,"minecraft:diorite":2,"minecraft:deepslate_tile_stairs":21,"minecraft:cauldron":2,"minecraft:cactus":11,"minecraft:rotten_flesh":30,"endermanoverhaul:bubble_pearl":1,"minecraft:deepslate_brick_stairs":89,"minecraft:obsidian":20,"minecraft:cobblestone":1735,"minecraft:birch_log":155,"minecraft:cooked_beef":2,"minecraft:birch_slab":136,"minecraft:andesite":22,"minecraft:potato":21,"minecraft:smoker":1,"minecraft:flint":10,"minecraft:dirt":2746,"minecraft:bone":5,"minecraft:stonecutter":2,"minecraft:bow":2,"minecraft:wheat_seeds":210,"minecraft:deepslate_brick_slab":43,"minecraft:bell":3,"minecraft:oak_planks":176,"minecraft:stone_hoe":11,"minecraft:jungle_planks":2,"minecraft:sand":291,"minecraft:ink_sac":6,"minecraft:lily_of_the_valley":10,"minecraft:diamond_block":1,"minecraft:spectral_arrow":15,"minecraft:dark_oak_log":332,"minecraft:blue_terracotta":1,"minecraft:spruce_boat":2,"alexsmobs:rattlesnake_rattle":1,"minecraft:crossbow":2,"alexsmobs:tarantula_hawk_wing_fragment":2,"minecraft:emerald":288,"minecraft:bread":5,"alexsmobs:maggot":2,"minecraft:oak_sapling":210,"minecraft:dark_oak_fence":3,"minecraft:charcoal":4,"minecraft:coarse_dirt":4,"minecraft:crafting_table":2,"minecraft:azure_bluet":3,"minecraft:cornflower":15,"minecraft:oak_trapdoor":13,"minecraft:iron_axe":18,"minecraft:white_carpet":1,"minecraft:birch_fence":4,"minecraft:beef":21,"minecraft:oak_boat":2,"minecraft:poppy":31,"minecraft:spruce_slab":1,"minecraft:chest":4,"minecraft:sugar_cane":72,"minecraft:birch_sapling":41,"minecraft:egg":1,"minecraft:dark_oak_sapling":18,"minecraft:sandstone":141,"minecraft:oak_door":2,"minecraft:carrot":1,"minecraft:dark_oak_planks":2,"minecraft:stone_shovel":22,"minecraft:arrow":10,"minecraft:jungle_stairs":1,"minecraft:peony":1,"minecraft:deepslate_bricks":37,"minecraft:hay_block":45,"minecraft:totem_of_undying":1,"minecraft:mutton":4,"minecraft:white_wool":10,"minecraft:oxeye_daisy":16,"minecraft:leather":17,"minecraft:filled_map":1,"minecraft:birch_planks":12,"minecraft:oak_log":904,"minecraft:yellow_bed":3,"minecraft:cobblestone_stairs":11,"minecraft:orange_terracotta":1,"minecraft:apple":92,"minecraft:stone_bricks":2,"minecraft:kelp":1,"minecraft:oak_fence_gate":5,"minecraft:iron_ingot":104,"minecraft:iron_sword":1,"minecraft:book":126,"minecraft:oak_slab":9,"minecraft:stone_brick_slab":16,"minecraft:dandelion":28,"minecraft:gravel":66,"minecraft:spruce_sapling":79,"minecraft:blast_furnace":1,"minecraft:white_bed":5,"minecraft:spruce_log":392,"minecraft:spider_eye":2,"alexsmobs:raw_catfish":2,"minecraft:stone_axe":14,"minecraft:iron_helmet":6,"minecraft:birch_sign":6,"minecraft:cherry_sapling":6,"minecraft:coal":140},"minecraft:broken":{"minecraft:iron_shovel":2,"minecraft:iron_boots":1,"minecraft:stone_pickaxe":3,"minecraft:stone_axe":4,"minecraft:wooden_axe":1,"minecraft:stone_shovel":4,"minecraft:iron_axe":4},"minecraft:mined":{"minecraft:spruce_planks":28,"minecraft:white_bed":5,"minecraft:oak_sapling":1,"minecraft:cobblestone_stairs":11,"minecraft:obsidian":22,"minecraft:grass_block":1047,"minecraft:deepslate_bricks":42,"minecraft:deepslate_tile_stairs":24,"minecraft:composter":2,"minecraft:oak_wall_sign":2,"minecraft:oxeye_daisy":10,"minecraft:cobbled_deepslate":11,"minecraft:fire":12,"minecraft:anvil":1,"minecraft:azure_bluet":2,"minecraft:pointed_dripstone":1,"minecraft:water_cauldron":1,"minecraft:dirt_path":5,"minecraft:oak_stairs":60,"minecraft:deepslate_brick_stairs":99,"minecraft:birch_wall_sign":4,"minecraft:spruce_slab":1,"minecraft:kelp_plant":5,"minecraft:smoker":1,"minecraft:orange_terracotta":1,"minecraft:torch":5,"minecraft:jungle_stairs":1,"minecraft:blast_furnace":1,"minecraft:calcite":6,"minecraft:poppy":4,"minecraft:chest":4,"minecraft:dead_bush":3,"minecraft:glass":5,"minecraft:cobblestone":124,"minecraft:sugar_cane":28,"minecraft:oak_planks":170,"minecraft:wall_torch":5,"minecraft:cauldron":2,"minecraft:seagrass":4,"minecraft:blue_terracotta":1,"minecraft:birch_log":174,"minecraft:yellow_wool":6,"minecraft:lilac":2,"minecraft:grass":1384,"minecraft:oak_log":903,"minecraft:oak_fence_gate":5,"minecraft:sand":277,"minecraft:dirt":2105,"minecraft:stonecutter":2,"minecraft:oak_leaves":7,"minecraft:oak_door":2,"minecraft:dark_oak_log":374,"minecraft:dark_oak_fence":3,"minecraft:jungle_planks":2,"minecraft:birch_slab":107,"minecraft:sandstone":49,"minecraft:hay_block":46,"minecraft:deepslate_brick_slab":46,"minecraft:oak_trapdoor":16,"minecraft:furnace":3,"minecraft:andesite":22,"minecraft:diamond_block":1,"minecraft:peony":1,"minecraft:bell":3,"minecraft:bookshelf":48,"minecraft:cobblestone_slab":24,"minecraft:vine":3,"minecraft:stone":1654,"minecraft:white_wool":6,"minecraft:oak_slab":6,"minecraft:glass_pane":4,"minecraft:lily_of_the_valley":16,"minecraft:stone_brick_slab":16,"minecraft:dandelion":20,"minecraft:crafting_table":2,"minecraft:cornflower":14,"minecraft:campfire":2,"minecraft:tall_grass":146,"minecraft:copper_ore":14,"minecraft:diorite":2,"minecraft:birch_planks":13,"minecraft:cactus":4,"minecraft:coarse_dirt":7,"minecraft:spruce_log":392,"minecraft:yellow_bed":3,"minecraft:coal_ore":78,"minecraft:gravel":67,"minecraft:stone_bricks":2,"minecraft:birch_fence":4,"minecraft:fern":37}},"DataVersion":3465}